employee_id,first_name,last_name,age,email,country,postal_code,job_title,salary,hire_date
1,Juanita,Shurrock,40,jshurrock0@cisco.com,Indonesia,,Project Manager,67642,12/10/2012
2,My,Brackenridge,49,mbrackenridge1@xinhuanet.com,United States,36641,Business Systems Development Analyst,139070,5/24/2010
3,Chalmers,Puffett,22,cpuffett2@technorati.com,Indonesia,,Software Engineer II,119215,11/8/2011
4,Burton,Trubshaw,65,btrubshaw3@barnesandnoble.com,China,,Social Worker,132201,10/4/2015
5,Delcine,Palatini,24,dpalatini4@wufoo.com,South Africa,1932,Media Manager I,81064,7/9/2018
6,Rubina,Dunlea,22,rdunlea5@multiply.com,Indonesia,,Food Chemist,69431,11/12/2012
7,Haven,Hunnam,25,hhunnam6@slashdot.org,Morocco,,Senior Cost Accountant,134551,5/10/2015
8,Ardys,Harrison,51,aharrison7@prnewswire.com,Palestinian Territory,,Chief Design Engineer,118863,7/14/2019
9,Prescott,Allston,50,pallston8@umn.edu,Ireland,D02,Media Manager III,148422,1/30/2019
10,Jannelle,Andrag,25,jandrag9@sogou.com,United States,33884,Desktop Support Technician,149744,5/15/2017
11,Ariel,Demelt,25,ademelta@cnn.com,Portugal,2380-506,Analyst Programmer,133132,5/1/2013
12,Timothee,Gunningham,46,tgunninghamb@cnn.com,Pakistan,50730,Accounting Assistant IV,33107,11/1/2012
13,Sheela,Bladesmith,33,sbladesmithc@jimdo.com,North Korea,,Chief Design Engineer,97160,11/24/2010
14,Alva,Faragan,49,afaragand@bloglovin.com,Netherlands,1509,Account Representative II,114231,11/10/2021
15,Saleem,Twining,23,stwininge@dailymotion.com,Russia,663716,Technical Writer,117925,11/13/2016
16,Karel,Mauser,60,kmauserf@umich.edu,Portugal,3500-548,Nurse,149788,4/29/2019
17,Lauralee,Iglesias,47,liglesiasg@github.com,China,,Community Outreach Specialist,45498,8/6/2020
18,Webb,Hopkyns,34,whopkynsh@globo.com,Indonesia,,Research Assistant III,142062,2/19/2014
19,Gerardo,Spatig,50,gspatigi@ca.gov,Iran,,Assistant Professor,76815,1/13/2015
20,Welbie,Dreghorn,43,wdreghornj@slate.com,Poland,36-206,Biostatistician IV,77370,5/20/2022
21,Bobinette,Varrow,49,bvarrowk@topsy.com,Indonesia,,Nuclear Power Engineer,39989,1/31/2017
22,Andreana,Waterland,49,awaterlandl@jiathis.com,Vanuatu,,Nurse Practicioner,29147,11/7/2013
23,Nanny,Aleso,59,nalesom@economist.com,China,,Pharmacist,57477,4/4/2013
24,Bonnie,Pass,64,bpassn@illinois.edu,Indonesia,,Assistant Professor,22449,7/7/2020
25,Lenore,Ashplant,44,lashplanto@google.nl,Portugal,4640-545,Administrative Officer,136254,12/2/2021
26,Othello,Pipworth,54,opipworthp@stumbleupon.com,Indonesia,,Senior Editor,37060,12/20/2011
27,Luella,MacCauley,25,lmaccauleyq@globo.com,Albania,,Environmental Tech,110464,5/20/2012
28,Frazer,Harriott,28,fharriottr@g.co,Indonesia,,Associate Professor,108315,2/26/2013
29,Creigh,Perrygo,22,cperrygos@thetimes.co.uk,Philippines,8502,Paralegal,142335,3/12/2019
30,Selie,Lampkin,61,slampkint@ed.gov,China,,Staff Accountant I,109250,10/25/2011
31,Ibby,Sisson,30,isissonu@shareasale.com,Kenya,,Senior Developer,107417,10/28/2012
32,Blondelle,Bernardy,65,bbernardyv@cisco.com,Iran,,Payment Adjustment Coordinator,66645,10/10/2013
33,Salmon,McVittie,34,smcvittiew@apple.com,Philippines,8110,Web Developer III,124118,7/11/2013
34,Eleanore,Zorro,43,ezorrox@dailymail.co.uk,Indonesia,,Payment Adjustment Coordinator,128042,10/24/2017
35,Harlene,Habden,22,hhabdeny@photobucket.com,China,,Staff Scientist,101860,1/10/2019
36,Roseanna,Hannam,44,rhannamz@wired.com,Philippines,5046,GIS Technical Architect,72732,3/25/2017
37,Nicolette,Ferrige,42,nferrige10@exblog.jp,Finland,64260,Software Test Engineer I,80570,8/25/2013
38,Gracia,Graundisson,36,ggraundisson11@slideshare.net,Poland,34-530,Nurse Practicioner,138881,10/18/2018
39,Goldy,Dawley,46,gdawley12@alibaba.com,China,,Automation Specialist II,42090,2/17/2010
40,Antoni,Kuschek,63,akuschek13@cbc.ca,Nigeria,,Food Chemist,61348,8/24/2020
41,Jamal,Shilburne,27,jshilburne14@zimbio.com,Argentina,5413,Speech Pathologist,140942,10/18/2020
42,Scot,Marquese,22,smarquese15@google.de,China,,Biostatistician II,40232,4/22/2021
43,Glynis,Hayer,27,ghayer16@mac.com,China,,Budget/Accounting Analyst III,40290,9/10/2018
44,Boy,Bennell,24,bbennell17@alibaba.com,Brazil,17600-000,VP Quality Control,37695,3/19/2017
45,Randie,Izkovitz,55,rizkovitz18@aboutads.info,Finland,54801,Business Systems Development Analyst,123557,4/23/2014
46,Stafani,Berney,47,sberney19@sakura.ne.jp,Philippines,3903,Developer IV,59987,6/21/2020
47,Veronika,Garvill,43,vgarvill1a@state.tx.us,Portugal,5370-182,Junior Executive,122228,9/11/2019
48,Petr,Suerz,57,psuerz1b@spotify.com,Russia,412184,Environmental Tech,91659,8/11/2017
49,Parry,Sambrok,57,psambrok1c@harvard.edu,China,,Community Outreach Specialist,148514,8/19/2016
50,Lydon,Stidson,65,lstidson1d@mashable.com,Thailand,46240,Account Representative II,44539,10/20/2019
51,Eva,Higford,52,ehigford1e@europa.eu,China,,Developer III,95308,8/31/2010
52,Ammamaria,Battson,29,abattson1f@nationalgeographic.com,Peru,,Tax Accountant,105512,6/24/2011
53,Erasmus,Knowlman,34,eknowlman1g@reddit.com,China,,Pharmacist,62746,5/18/2016
54,Tobe,Chapelle,56,tchapelle1h@washingtonpost.com,Indonesia,,Structural Analysis Engineer,21242,7/26/2014
55,Tymon,Hundall,53,thundall1i@examiner.com,Philippines,8420,Electrical Engineer,124981,6/11/2018
56,Cindelyn,Slipper,36,cslipper1j@godaddy.com,Colombia,254008,Structural Engineer,34509,1/18/2020
57,Frazier,Iwanowski,35,fiwanowski1k@irs.gov,Poland,18-500,Web Developer IV,126785,3/17/2020
58,Zabrina,Tithacott,41,ztithacott1l@furl.net,Brazil,74900-000,Professor,101056,2/7/2012
59,Koralle,Coaker,24,kcoaker1m@mashable.com,Thailand,10560,Research Assistant IV,89140,8/8/2020
60,Nani,Chedzoy,49,nchedzoy1n@furl.net,Philippines,2016,Sales Associate,145995,10/2/2016
61,Claybourne,Masselin,26,cmasselin1o@ask.com,China,,Help Desk Operator,135779,9/27/2013
62,Emmalee,Everson,28,eeverson1p@stanford.edu,China,,Administrative Assistant IV,118661,1/20/2010
63,Farly,Lergan,56,flergan1q@wikia.com,Russia,694615,Electrical Engineer,146133,1/16/2018
64,Bettina,Kynan,58,bkynan1r@wikispaces.com,Argentina,4550,Librarian,75997,12/22/2010
65,Chrystel,Tuft,23,ctuft1s@arstechnica.com,Ukraine,,Analog Circuit Design manager,63740,11/15/2013
66,Anabel,Heddan,41,aheddan1t@webnode.com,Venezuela,,Tax Accountant,137214,1/24/2013
67,Demott,Gladdifh,53,dgladdifh1u@edublogs.org,China,,Accounting Assistant IV,63450,3/1/2021
68,Kit,Duell,26,kduell1v@time.com,Brazil,83420-000,Professor,49042,4/26/2021
69,Pavel,Corey,43,pcorey1w@behance.net,Indonesia,,Social Worker,43496,11/18/2012
70,Huberto,Whitty,47,hwhitty1x@soundcloud.com,Brazil,83540-000,Structural Analysis Engineer,119713,4/18/2021
71,Leann,Reddel,39,lreddel1y@merriam-webster.com,Brazil,78930-000,Tax Accountant,102998,12/23/2017
72,Alfredo,O'Lenane,37,aolenane1z@wiley.com,Philippines,6806,Developer II,133203,3/16/2010
73,Aridatha,Grimmert,27,agrimmert20@twitpic.com,Russia,606448,GIS Technical Architect,28404,12/23/2018
74,Saxe,Volleth,45,svolleth21@desdev.cn,China,,Staff Accountant II,134419,5/19/2012
75,Ronny,Cason,33,rcason22@toplist.cz,Brazil,65268-000,Web Designer IV,138728,7/30/2013
76,Jandy,Figgures,30,jfiggures23@ezinearticles.com,Indonesia,,Assistant Professor,21835,2/10/2011
77,Adham,Rubinek,28,arubinek24@cmu.edu,Ireland,K34,Recruiter,81702,5/21/2011
78,Melonie,Merrell,29,mmerrell25@usnews.com,Chad,,Electrical Engineer,41694,8/7/2015
79,Teriann,MacTrustey,56,tmactrustey26@utexas.edu,Panama,,Civil Engineer,126712,7/27/2013
80,Abbey,Lechelle,55,alechelle27@gnu.org,Peru,,VP Product Management,97926,9/19/2022
81,Elaina,Blick,23,eblick28@engadget.com,Haiti,,Computer Systems Analyst I,149245,8/16/2022
82,Dedra,Harkin,47,dharkin29@xing.com,Portugal,4625-007,Nuclear Power Engineer,84900,1/24/2020
83,Paton,Lambillion,19,plambillion2a@amazon.de,Russia,353029,Physical Therapy Assistant,70390,2/27/2014
84,Den,Givens,64,dgivens2b@globo.com,France,68020 CEDEX,Community Outreach Specialist,136010,2/27/2017
85,Stan,Maleby,39,smaleby2c@wikia.com,Russia,186806,Director of Sales,57167,9/27/2022
86,Arlen,Wahner,53,awahner2d@xing.com,Mongolia,,Staff Accountant II,85386,10/2/2015
87,Chevy,Jorck,58,cjorck2e@artisteer.com,Russia,636700,Assistant Professor,126712,10/8/2014
88,Serena,Carlon,58,scarlon2f@narod.ru,China,,Chief Design Engineer,110590,4/9/2013
89,Miller,Queripel,53,mqueripel2g@google.com.hk,Micronesia,,Environmental Tech,75774,4/26/2013
90,Filippa,Stolting,38,fstolting2h@foxnews.com,Poland,82-103,Assistant Professor,60172,2/26/2022
91,Crissie,Fullagar,62,cfullagar2i@usda.gov,Brazil,45710-000,Engineer III,107914,11/27/2014
92,Lucho,Fenner,26,lfenner2j@elpais.com,Russia,601120,Teacher,70646,3/2/2016
93,Cindee,Sivess,36,csivess2k@shareasale.com,China,,Community Outreach Specialist,52201,5/26/2018
94,Carlin,Hairsine,54,chairsine2l@goo.gl,Thailand,53160,Food Chemist,91262,5/8/2012
95,Arthur,McFeate,35,amcfeate2m@discovery.com,China,,Database Administrator I,110727,8/23/2013
96,Elvera,Wimlett,54,ewimlett2n@hexun.com,Afghanistan,,Engineer III,96943,6/8/2018
97,Maximilian,Baton,47,mbaton2o@reverbnation.com,Russia,394077,Civil Engineer,97245,12/3/2022
98,Belita,Elcoate,43,belcoate2p@nature.com,Tanzania,,Product Engineer,110078,4/14/2014
99,Hersch,Berryman,59,hberryman2q@stanford.edu,Greece,,Teacher,100733,5/8/2012
100,Vicky,Giacopini,53,vgiacopini2r@bluehost.com,Brazil,77000-000,Environmental Specialist,23830,4/16/2015
101,Geraldine,Leythley,46,gleythley2s@stumbleupon.com,South Africa,0539,Research Associate,143602,5/21/2016
102,Alayne,Witch,49,awitch2t@ucla.edu,Albania,,Software Consultant,51172,9/25/2011
103,Salvador,MacDougall,24,smacdougall2u@wufoo.com,Vietnam,,Nurse,107868,8/26/2018
104,Duky,Poletto,36,dpoletto2v@t-online.de,France,13399 CEDEX 05,Data Coordinator,133632,8/11/2011
105,Lisette,Ovanesian,41,lovanesian2w@people.com.cn,Ethiopia,,Graphic Designer,29363,11/7/2010
106,Arne,Bosworth,39,abosworth2x@hud.gov,South Africa,2777,Paralegal,67431,7/7/2014
107,Jacquie,Danzelman,46,jdanzelman2y@webmd.com,Sweden,297 32,Senior Cost Accountant,97135,11/13/2013
108,Cele,Ackwood,59,cackwood2z@mapy.cz,China,,Nuclear Power Engineer,104148,4/2/2010
109,Salvador,Smales,25,ssmales30@dedecms.com,Indonesia,,Safety Technician III,64931,12/30/2019
110,Loren,Westoff,60,lwestoff31@blinklist.com,Poland,28-512,Systems Administrator IV,102877,6/21/2018
111,Granthem,Prestedge,55,gprestedge32@ycombinator.com,Brazil,57900-000,Media Manager IV,96544,3/25/2015
112,Melina,Bolitho,22,mbolitho33@wordpress.com,Bulgaria,7844,Financial Analyst,37977,3/20/2014
113,Jourdan,Horrod,53,jhorrod34@github.com,China,,Civil Engineer,140437,6/24/2022
114,Evaleen,Furnival,29,efurnival35@home.pl,Mongolia,,Compensation Analyst,35399,9/16/2012
115,Sheryl,Exall,26,sexall36@google.pl,China,,Tax Accountant,95471,8/24/2010
116,Rand,Cockerill,25,rcockerill37@icio.us,Peru,,Research Assistant III,57774,4/21/2013
117,Estrella,Bake,61,ebake38@bizjournals.com,Thailand,72130,Geological Engineer,136272,5/13/2016
118,Carolan,Lesaunier,25,clesaunier39@biglobe.ne.jp,United Kingdom,SY4,Cost Accountant,51834,4/15/2020
119,Sascha,Boxhall,26,sboxhall3a@sina.com.cn,Slovenia,2235,Environmental Specialist,78526,7/21/2011
120,Carny,Sinkinson,47,csinkinson3b@amazon.co.uk,Czech Republic,358 01,Financial Advisor,28227,1/24/2013
121,Alard,Barttrum,42,abarttrum3c@studiopress.com,Indonesia,,Teacher,134617,11/27/2010
122,Wenda,Harral,63,wharral3d@tamu.edu,Russia,624607,Research Nurse,45029,8/19/2014
123,Mellicent,Barfitt,44,mbarfitt3e@shutterfly.com,Iran,,Analog Circuit Design manager,119783,10/6/2013
124,Norton,O'Carroll,24,nocarroll3f@businessweek.com,China,,Accounting Assistant II,36865,2/8/2017
125,Chere,Boston,54,cboston3g@storify.com,Czech Republic,783 22,Senior Sales Associate,53749,7/19/2016
126,Bil,Toomey,47,btoomey3h@census.gov,China,,Account Executive,90125,6/27/2021
127,Melinde,Scudders,53,mscudders3i@wikipedia.org,Ivory Coast,,Structural Engineer,91217,1/28/2010
128,Lenora,Peaker,23,lpeaker3j@vk.com,China,,Recruiting Manager,44135,1/26/2010
129,Rad,Halsted,52,rhalsted3k@arizona.edu,Sweden,120 30,Financial Advisor,25008,5/27/2014
130,Tades,Kiddie,62,tkiddie3l@mozilla.com,Greece,,Marketing Assistant,146864,7/7/2010
131,Cally,Rantoull,51,crantoull3m@unicef.org,Russia,665683,Database Administrator II,48274,3/5/2019
132,Rickie,Mayman,60,rmayman3n@merriam-webster.com,Afghanistan,,Marketing Manager,72624,5/12/2013
133,Genia,Girvin,26,ggirvin3o@hc360.com,Thailand,11110,VP Quality Control,60441,6/29/2021
134,Tana,Kirkman,32,tkirkman3p@hexun.com,France,27022 CEDEX,VP Sales,39520,1/4/2010
135,Zita,Rothermel,37,zrothermel3q@domainmarket.com,China,,Design Engineer,33249,9/5/2017
136,Ingeborg,Daton,25,idaton3r@tamu.edu,Indonesia,,VP Quality Control,47764,4/8/2015
137,Isahella,Cutteridge,61,icutteridge3s@is.gd,Colombia,154648,Senior Financial Analyst,35530,5/9/2016
138,Sigismond,Kolyagin,50,skolyagin3t@homestead.com,Venezuela,,Registered Nurse,61862,10/21/2011
139,Sanders,Rosander,42,srosander3u@businesswire.com,China,,Assistant Manager,24115,1/31/2022
140,Frazier,Westfalen,49,fwestfalen3v@behance.net,France,20414 CEDEX 9,Programmer III,79186,10/27/2019
141,Siegfried,Wildbore,51,swildbore3w@youtu.be,Brazil,58310-000,Human Resources Assistant I,138824,10/29/2011
142,Rustin,Bowhay,27,rbowhay3x@artisteer.com,Egypt,,Assistant Professor,53070,5/23/2019
143,Lavina,Rilston,65,lrilston3y@nhs.uk,Georgia,,Help Desk Operator,99843,10/25/2017
144,Bobine,Isakowicz,35,bisakowicz3z@loc.gov,Colombia,473008,Junior Executive,74253,1/4/2017
145,Virgina,Duckham,60,vduckham40@purevolume.com,China,,Cost Accountant,111049,5/25/2021
146,Haskel,Kellett,45,hkellett41@nhs.uk,China,,Engineer II,117066,2/4/2012
147,Demetris,Agate,27,dagate42@google.nl,Poland,44-370,VP Marketing,100073,8/10/2010
148,Ugo,Dinse,23,udinse43@fastcompany.com,China,,Budget/Accounting Analyst II,120669,2/1/2015
149,Richy,Kittow,62,rkittow44@meetup.com,Poland,05-822,Software Test Engineer I,107784,4/18/2018
150,Letisha,Daoust,59,ldaoust45@google.com,Belarus,,Statistician II,56150,11/17/2017
151,Elset,Gurley,42,egurley46@linkedin.com,Sweden,262 80,Quality Engineer,82832,6/30/2011
152,Marlee,O'Hartnett,44,mohartnett47@sun.com,Indonesia,,Actuary,31385,3/1/2010
153,Rheba,Steabler,57,rsteabler48@ustream.tv,Poland,06-320,Programmer Analyst I,108668,5/2/2010
154,Otis,Slaght,53,oslaght49@marriott.com,China,,Help Desk Technician,25809,8/8/2014
155,Filip,Notti,58,fnotti4a@cargocollective.com,North Korea,,Statistician I,125652,5/23/2014
156,Lidia,Kildale,43,lkildale4b@123-reg.co.uk,China,,Clinical Specialist,34359,8/30/2011
157,Stanfield,Fist,31,sfist4c@altervista.org,Ukraine,,Teacher,143914,9/7/2012
158,Maggi,Pfiffer,20,mpfiffer4d@stumbleupon.com,Bolivia,,Editor,50912,3/29/2020
159,Ingunna,Greaterex,50,igreaterex4e@infoseek.co.jp,Philippines,4600,Research Associate,37121,12/28/2013
160,Theda,Muldoon,32,tmuldoon4f@macromedia.com,Japan,981-3521,Teacher,63967,1/7/2013
161,Lianna,Greaser,46,lgreaser4g@rambler.ru,Philippines,1750,Speech Pathologist,49816,9/5/2018
162,Helga,Hurche,64,hhurche4h@hc360.com,Indonesia,,Research Assistant IV,102492,8/26/2013
163,Gabby,Rumsby,50,grumsby4i@rambler.ru,Indonesia,,VP Product Management,71041,6/3/2015
164,Wilhelmine,Cotte,42,wcotte4j@google.pl,Russia,181000,Accounting Assistant III,119302,1/3/2020
165,Calla,Pesic,25,cpesic4k@google.ca,China,,VP Marketing,47544,1/28/2022
166,Vitoria,Wrey,35,vwrey4l@twitter.com,Indonesia,,Engineer II,30798,7/18/2013
167,Anallese,Broy,22,abroy4m@linkedin.com,China,,Technical Writer,20087,5/15/2016
168,Bernice,Matantsev,56,bmatantsev4n@phoca.cz,China,,Civil Engineer,84619,9/12/2018
169,Zandra,Hancell,41,zhancell4o@amazon.co.uk,Colombia,850009,Help Desk Technician,26404,5/8/2014
170,Constantin,Thorndale,53,cthorndale4p@tripadvisor.com,China,,Analog Circuit Design manager,87692,7/8/2017
171,Edin,Berridge,33,eberridge4q@gizmodo.com,Russia,307732,General Manager,40232,9/4/2013
172,Thadeus,Perrelli,62,tperrelli4r@privacy.gov.au,Thailand,60150,Research Associate,129208,6/3/2010
173,Gideon,Barbrook,46,gbarbrook4s@csmonitor.com,France,88804 CEDEX,Nurse Practicioner,127084,11/15/2020
174,Algernon,Slocombe,33,aslocombe4t@google.ca,South Korea,,Senior Financial Analyst,84840,7/8/2010
175,Jacklyn,Egger,19,jegger4u@pen.io,China,,Data Coordinator,82854,9/16/2022
176,Dayna,Chesshire,26,dchesshire4v@amazon.com,Tanzania,,Senior Quality Engineer,53673,4/2/2022
177,Pattie,Montacute,47,pmontacute4w@wisc.edu,Democratic Republic of the Congo,,GIS Technical Architect,37647,7/29/2018
178,Shellysheldon,Troubridge,28,stroubridge4x@sbwire.com,Gambia,,Human Resources Assistant III,93353,5/28/2021
179,Erhard,Boake,41,eboake4y@sfgate.com,Philippines,6308,Assistant Media Planner,146600,12/27/2017
180,Norman,Westover,46,nwestover4z@ihg.com,Bolivia,,Computer Systems Analyst IV,38574,4/25/2013
181,Ker,Klimp,45,kklimp50@wufoo.com,Macedonia,1225,Assistant Professor,26556,3/13/2013
182,Molly,Gilson,53,mgilson51@toplist.cz,Indonesia,,VP Sales,58252,11/14/2013
183,Stearn,Kopisch,51,skopisch52@upenn.edu,Portugal,5445-072,Senior Developer,144675,8/3/2021
184,Denny,Drance,65,ddrance53@virginia.edu,Colombia,232538,Systems Administrator I,33261,3/19/2015
185,Sammie,Musico,56,smusico54@sakura.ne.jp,Colombia,545518,Office Assistant I,59461,10/31/2019
186,Norbie,Tribe,38,ntribe55@sciencedaily.com,China,,Registered Nurse,33983,6/24/2022
187,Bennie,Cahillane,22,bcahillane56@biglobe.ne.jp,South Africa,4689,Physical Therapy Assistant,123783,4/2/2022
188,Rita,Matveichev,28,rmatveichev57@kickstarter.com,Luxembourg,L-4888,Statistician II,25273,4/24/2014
189,Amalita,Faunch,65,afaunch58@histats.com,Russia,669469,Nurse,140847,6/20/2021
190,Willabella,Furphy,28,wfurphy59@craigslist.org,Indonesia,,VP Marketing,142122,7/5/2010
191,Nels,Sahlstrom,47,nsahlstrom5a@wsj.com,Sweden,137 24,Senior Quality Engineer,146630,9/29/2015
192,Idell,Morfett,64,imorfett5b@smh.com.au,Cuba,,Financial Advisor,32642,4/3/2013
193,Bea,Manners,23,bmanners5c@odnoklassniki.ru,Panama,,Account Executive,82628,10/2/2012
194,Sayer,Antoniutti,31,santoniutti5d@zdnet.com,Nicaragua,,VP Accounting,22052,4/7/2022
195,Graig,Loudiane,50,gloudiane5e@uol.com.br,Comoros,,Information Systems Manager,36321,5/14/2010
196,Etti,Peplow,24,epeplow5f@ed.gov,Indonesia,,VP Marketing,68924,6/19/2012
197,Helenelizabeth,Rangle,64,hrangle5g@goo.gl,Peru,,Design Engineer,147580,10/11/2021
198,Mariya,Lanyon,36,mlanyon5h@vk.com,Sweden,418 21,Human Resources Manager,148908,11/7/2021
199,Maximo,Stoakes,55,mstoakes5i@dropbox.com,South Africa,3915,Senior Cost Accountant,107332,10/21/2018
200,Karly,Dryden,65,kdryden5j@wikispaces.com,Afghanistan,,Registered Nurse,77954,6/6/2012
201,Torey,Minard,41,tminard5k@washingtonpost.com,Czech Republic,691 54,Nuclear Power Engineer,131637,6/28/2020
202,Kora,Thebe,47,kthebe5l@liveinternet.ru,Argentina,5449,Data Coordinator,126948,11/9/2015
203,Carce,Scammell,48,cscammell5m@cpanel.net,Peru,,Senior Quality Engineer,143803,4/10/2022
204,Michaeline,Sidle,54,msidle5n@vk.com,Poland,38-610,Software Engineer III,128688,9/21/2022
205,Hanson,Lamas,44,hlamas5o@merriam-webster.com,Brazil,69600-000,Cost Accountant,116796,8/17/2016
206,Shanta,Mitskevich,56,smitskevich5p@google.com.br,Kenya,,Nurse Practicioner,88438,9/5/2015
207,Fidelia,Waslin,38,fwaslin5q@ezinearticles.com,Russia,655138,Recruiter,102790,8/7/2010
208,Miller,Barracks,30,mbarracks5r@twitpic.com,Poland,99-423,Engineer III,82265,8/31/2018
209,Rollins,Fidelli,19,rfidelli5s@altervista.org,Philippines,4516,Account Executive,26037,12/10/2021
210,Yolande,Thynn,48,ythynn5t@friendfeed.com,Ukraine,,Help Desk Operator,109082,6/7/2020
211,Tedman,MacMeekan,39,tmacmeekan5u@google.ca,Croatia,32222,Civil Engineer,31320,1/31/2022
212,Aguistin,Newlove,60,anewlove5v@sourceforge.net,Argentina,5936,Legal Assistant,67316,3/8/2021
213,Adriano,Peto,65,apeto5w@yolasite.com,China,,Registered Nurse,72289,7/14/2018
214,Helenelizabeth,Henrion,35,hhenrion5x@msu.edu,South Africa,9755,Account Executive,57126,9/17/2017
215,Fania,Muncaster,25,fmuncaster5y@dyndns.org,Russia,140074,Senior Developer,114844,2/17/2016
216,Clark,Pinch,36,cpinch5z@nps.gov,Indonesia,,Legal Assistant,147621,5/29/2016
217,Josias,Doppler,41,jdoppler60@squarespace.com,Japan,957-0048,Assistant Professor,133381,4/12/2020
218,Yehudi,Screase,43,yscrease61@psu.edu,Finland,58701,Environmental Tech,64531,9/18/2017
219,Syman,Pendre,47,spendre62@blinklist.com,Poland,22-610,Operator,82224,11/8/2021
220,Link,Fihelly,59,lfihelly63@opensource.org,Brazil,13500-000,Director of Sales,137026,7/17/2015
221,Harley,Heape,23,hheape64@mlb.com,Indonesia,,Community Outreach Specialist,48269,4/9/2018
222,Cicily,Duggon,40,cduggon65@sitemeter.com,South Korea,,Sales Representative,79308,12/11/2021
223,Marjory,O'Brogan,35,mobrogan66@noaa.gov,China,,Physical Therapy Assistant,91383,2/16/2014
224,Elmore,Hugueville,62,ehugueville67@bizjournals.com,Sweden,756 49,Clinical Specialist,132958,9/9/2020
225,Virginia,Mushrow,22,vmushrow68@mozilla.com,Indonesia,,Account Representative II,76468,7/23/2011
226,Sophi,Anstee,55,sanstee69@google.com.hk,Indonesia,,GIS Technical Architect,122239,6/28/2014
227,Anita,Thornbarrow,47,athornbarrow6a@boston.com,Finland,33480,General Manager,89380,3/27/2012
228,Raymond,Launder,23,rlaunder6b@msn.com,Czech Republic,281 63,Social Worker,133864,1/12/2018
229,Aggi,Albany,30,aalbany6c@ehow.com,Cuba,,Structural Analysis Engineer,67223,5/5/2013
230,Caro,Gabbatt,27,cgabbatt6d@newsvine.com,Palestinian Territory,,Senior Financial Analyst,141007,4/3/2012
231,Lorain,Atheis,46,latheis6e@behance.net,Poland,22-650,Assistant Manager,41499,10/12/2012
232,Lyn,Addekin,64,laddekin6f@feedburner.com,Afghanistan,,Social Worker,82001,2/11/2021
233,Maurise,Sebborn,65,msebborn6g@privacy.gov.au,Russia,396689,Speech Pathologist,69786,6/5/2018
234,Jemmy,Scrafton,56,jscrafton6h@squidoo.com,Colombia,082007,Financial Analyst,43740,11/15/2020
235,Dulcy,Leversuch,49,dleversuch6i@amazonaws.com,Cambodia,,Project Manager,118992,9/21/2021
236,Bathsheba,Sueter,36,bsueter6j@lycos.com,Guinea-Bissau,,Mechanical Systems Engineer,124563,12/6/2019
237,Bob,Filyakov,47,bfilyakov6k@deliciousdays.com,Peru,,Internal Auditor,52605,3/9/2022
238,Beulah,Collier,52,bcollier6l@businessinsider.com,China,,Editor,27536,11/4/2013
239,Genna,Sumers,20,gsumers6m@java.com,Brazil,89460-000,Cost Accountant,140602,6/17/2011
240,Sergent,Tarbath,51,starbath6n@qq.com,Japan,503-0625,Account Executive,128342,9/15/2017
241,Nani,Pankettman,63,npankettman6o@nhs.uk,Sri Lanka,32000,Statistician II,51931,7/4/2011
242,Othelia,Giraudot,28,ogiraudot6p@wikispaces.com,China,,Developer II,142159,9/14/2021
243,Nana,Colliford,18,ncolliford6q@hp.com,Indonesia,,Help Desk Technician,38370,12/24/2020
244,Mariska,Peschmann,32,mpeschmann6r@jigsy.com,Indonesia,,Office Assistant IV,81132,1/10/2018
245,Ruthie,Farraway,48,rfarraway6s@berkeley.edu,China,,Legal Assistant,94510,6/10/2018
246,Ferdinande,Gress,24,fgress6t@wikimedia.org,China,,Assistant Manager,101091,6/16/2022
247,Domenic,Stellin,20,dstellin6u@lycos.com,China,,Quality Engineer,21491,8/27/2011
248,Amaleta,Frango,50,afrango6v@opera.com,Russia,346630,Internal Auditor,27141,7/27/2013
249,Tamarah,Dudlestone,55,tdudlestone6w@sogou.com,Russia,603899,Junior Executive,132336,11/17/2011
250,Retha,Bourdis,40,rbourdis6x@weebly.com,Canada,V5M,Project Manager,25435,10/25/2015
251,Arnuad,Ingliss,29,aingliss6y@harvard.edu,United States,49510,Financial Analyst,54447,3/8/2018
252,Rania,Dog,29,rdog6z@dailymotion.com,Indonesia,,Assistant Manager,132006,11/19/2020
253,Wyatt,Cattroll,34,wcattroll70@illinois.edu,Indonesia,,Biostatistician III,141217,7/30/2011
254,Tessy,Walters,31,twalters71@woothemes.com,Denmark,1349,Software Test Engineer III,101597,9/30/2018
255,Coralie,Kuscha,44,ckuscha72@discuz.net,Philippines,4602,Associate Professor,25973,9/21/2022
256,Nyssa,Lantuffe,33,nlantuffe73@ebay.com,Indonesia,,VP Sales,47460,12/25/2011
257,Baldwin,Patters,52,bpatters74@cbslocal.com,Canada,G6W,Account Coordinator,31542,10/29/2020
258,Thekla,McGillivrie,40,tmcgillivrie75@so-net.ne.jp,Azerbaijan,,Executive Secretary,104313,2/11/2015
259,Sophronia,Maiklem,61,smaiklem76@auda.org.au,China,,Social Worker,88502,5/6/2017
260,Wallie,Kynston,38,wkynston77@sun.com,Philippines,7104,Speech Pathologist,131542,1/15/2011
261,Christa,Aggs,62,caggs78@ucoz.com,Colombia,761548,Human Resources Manager,21596,3/15/2012
262,Dore,Calbaithe,61,dcalbaithe79@themeforest.net,Democratic Republic of the Congo,,Administrative Assistant II,58681,3/11/2011
263,Fredericka,Dorman,59,fdorman7a@japanpost.jp,Bulgaria,2087,Speech Pathologist,53533,9/26/2017
264,Basilius,Whatson,63,bwhatson7b@google.fr,China,,Budget/Accounting Analyst II,121411,5/16/2017
265,Katerine,Morbey,58,kmorbey7c@pinterest.com,Sweden,645 84,Geologist I,20213,8/9/2017
266,Novelia,Hargrave,49,nhargrave7d@smugmug.com,Uzbekistan,,Nuclear Power Engineer,29756,3/2/2016
267,Yuma,McCarl,28,ymccarl7e@domainmarket.com,Philippines,2826,Structural Engineer,68750,6/14/2012
268,Lindy,Mason,60,lmason7f@desdev.cn,France,59100,Community Outreach Specialist,103188,4/5/2010
269,Teodora,Boodell,59,tboodell7g@blogs.com,South Africa,4821,Desktop Support Technician,131174,4/11/2010
270,Elroy,Clere,37,eclere7h@oakley.com,United States,61635,Social Worker,125711,3/7/2016
271,Gracie,Hawney,47,ghawney7i@apple.com,China,,Financial Analyst,61851,3/29/2014
272,Artemus,Bockh,64,abockh7j@goo.gl,Sweden,112 45,Geological Engineer,44417,9/2/2014
273,Abigael,Danielut,20,adanielut7k@typepad.com,China,,Desktop Support Technician,39350,4/4/2016
274,Farand,Stinchcombe,23,fstinchcombe7l@archive.org,Portugal,4690-667,Operator,22246,3/15/2022
275,Roseanne,Rowlings,39,rrowlings7m@wunderground.com,Laos,,Help Desk Operator,63471,9/25/2010
276,Dar,Kinset,41,dkinset7n@bbc.co.uk,Indonesia,,Associate Professor,32645,10/11/2013
277,Aimee,Keemer,61,akeemer7o@toplist.cz,Peru,,Administrative Officer,146557,12/11/2010
278,Warren,Beglin,58,wbeglin7p@admin.ch,Nigeria,,Assistant Manager,129657,9/28/2013
279,Amye,Baldinotti,49,abaldinotti7q@netvibes.com,Brazil,56260-000,Administrative Assistant I,39729,11/11/2018
280,Scott,Adaway,64,sadaway7r@fda.gov,Tanzania,,Office Assistant II,83450,11/27/2013
281,Taylor,Foskin,64,tfoskin7s@squidoo.com,China,,Occupational Therapist,39376,8/5/2022
282,Essy,Dikes,47,edikes7t@cbc.ca,China,,Speech Pathologist,26727,5/8/2021
283,Frederigo,Canti,38,fcanti7u@cnet.com,Israel,,Marketing Manager,73646,2/13/2013
284,Lynnell,Lace,25,llace7v@mit.edu,Tanzania,,Software Consultant,118103,1/22/2019
285,Parke,Schimmang,39,pschimmang7w@washingtonpost.com,China,,Recruiter,88477,5/31/2019
286,Marie-ann,Sainte Paul,47,msaintepaul7x@constantcontact.com,Philippines,6711,Database Administrator III,35034,1/21/2019
287,Chad,Kalinsky,30,ckalinsky7y@un.org,Serbia,,Programmer II,77833,9/18/2021
288,Anastassia,Folkerd,27,afolkerd7z@mlb.com,Sweden,341 23,Health Coach IV,104388,10/4/2017
289,Silvia,Kupis,54,skupis80@usa.gov,Indonesia,,Analog Circuit Design manager,114866,10/24/2018
290,Daisie,Kynge,49,dkynge81@msn.com,Croatia,43000,Structural Engineer,61780,3/12/2018
291,Anthea,Alcock,44,aalcock82@marketwatch.com,Nigeria,,Senior Developer,75004,4/18/2016
292,Olympie,Milley,31,omilley83@myspace.com,Russia,366406,VP Quality Control,139415,2/5/2011
293,Sonni,Fishburn,36,sfishburn84@tmall.com,China,,Occupational Therapist,61055,7/5/2016
294,Fabian,Guidotti,48,fguidotti85@ask.com,Indonesia,,Health Coach I,44946,2/13/2010
295,Adore,Knightly,42,aknightly86@tamu.edu,China,,Design Engineer,33232,10/1/2011
296,Amabel,Eckert,46,aeckert87@cloudflare.com,China,,Operator,49953,1/10/2013
297,Jeremiah,McGray,60,jmcgray88@statcounter.com,United Arab Emirates,,Legal Assistant,94570,2/4/2015
298,Modesta,Loyndon,58,mloyndon89@edublogs.org,Indonesia,,Product Engineer,103566,4/26/2019
299,Ariana,Parcells,44,aparcells8a@marketwatch.com,Brazil,13270-000,Business Systems Development Analyst,47153,4/7/2011
300,Reeta,Tanner,44,rtanner8b@privacy.gov.au,Brazil,69820-000,Professor,73625,2/26/2015
301,Sibylle,Ensor,20,sensor8c@sakura.ne.jp,Philippines,2815,Clinical Specialist,124623,3/22/2021
302,Taryn,Sully,41,tsully8d@geocities.jp,Morocco,,Financial Analyst,41098,4/23/2018
303,Gabriell,Raveau,40,graveau8e@themeforest.net,Russia,140235,Speech Pathologist,125310,1/30/2019
304,Gaspard,Offner,54,goffner8f@flickr.com,Cameroon,,Geologist I,86431,11/24/2015
305,Merle,Morrieson,58,mmorrieson8g@zdnet.com,Poland,76-230,Senior Financial Analyst,99880,11/4/2015
306,Verne,Kearley,62,vkearley8h@posterous.com,Indonesia,,Pharmacist,22953,2/22/2020
307,Leonora,Castro,57,lcastro8i@list-manage.com,Portugal,2430-024,Product Engineer,125281,5/20/2022
308,Uri,Scotson,26,uscotson8j@foxnews.com,China,,Electrical Engineer,86643,11/8/2011
309,Willetta,Wolfendell,26,wwolfendell8k@aboutads.info,China,,Environmental Specialist,143721,1/14/2021
310,Millisent,Duester,61,mduester8l@intel.com,Philippines,1119,Staff Scientist,56857,2/1/2021
311,Morris,Davydychev,41,mdavydychev8m@angelfire.com,Indonesia,,Internal Auditor,123211,10/10/2018
312,Crystal,Gresswell,32,cgresswell8n@globo.com,China,,Assistant Media Planner,38253,3/23/2019
313,Mathe,Djorvic,33,mdjorvic8o@eventbrite.com,China,,Senior Quality Engineer,20518,8/4/2019
314,Ninon,Melloi,48,nmelloi8p@webs.com,South Africa,1256,VP Accounting,68766,7/17/2016
315,Jobye,Willmot,51,jwillmot8q@craigslist.org,Indonesia,,Statistician I,51894,8/19/2014
316,Austin,De Blase,44,adeblase8r@last.fm,Poland,89-501,Media Manager III,117333,4/5/2018
317,Brand,Quenby,55,bquenby8s@multiply.com,Comoros,,Community Outreach Specialist,71454,3/5/2013
318,Nelle,Pitcher,49,npitcher8t@i2i.jp,Indonesia,,Cost Accountant,27103,3/25/2011
319,Gerome,Dozdill,28,gdozdill8u@howstuffworks.com,Comoros,,Systems Administrator I,41638,3/8/2019
320,Agnesse,Friedank,42,afriedank8v@lulu.com,Indonesia,,Automation Specialist IV,28162,6/23/2015
321,Anselm,De Michetti,32,ademichetti8w@boston.com,Sierra Leone,,Developer II,24921,8/7/2017
322,Eloisa,Woan,53,ewoan8x@washingtonpost.com,Uzbekistan,,Nuclear Power Engineer,120225,8/22/2014
323,Olympie,Gronowe,57,ogronowe8y@indiatimes.com,United States,76598,Internal Auditor,94625,11/9/2012
324,Debora,Badwick,22,dbadwick8z@friendfeed.com,Portugal,3505-125,Account Representative IV,48992,10/14/2022
325,Paule,Woolacott,19,pwoolacott90@nbcnews.com,Portugal,4525-485,Help Desk Technician,41813,4/25/2014
326,Jock,Portam,62,jportam91@irs.gov,Italy,19125,Project Manager,103533,2/22/2021
327,Harlin,Balharrie,22,hbalharrie92@goodreads.com,Czech Republic,747 66,Software Test Engineer III,102469,1/28/2022
328,Lynnell,Churm,54,lchurm93@theglobeandmail.com,China,,Cost Accountant,116824,1/31/2012
329,Jamal,Itter,53,jitter94@ft.com,South Africa,5097,Media Manager III,60392,8/19/2014
330,Raviv,Zambon,33,rzambon95@studiopress.com,Brazil,55000-000,Analyst Programmer,20118,8/5/2021
331,Irena,O'Geneay,38,iogeneay96@prnewswire.com,Belarus,,Automation Specialist IV,55075,3/19/2018
332,Arlina,Soitoux,32,asoitoux97@com.com,Czech Republic,507 13,VP Sales,103105,5/19/2013
333,Pepita,Rumbold,63,prumbold98@dmoz.org,Uruguay,,Media Manager IV,28095,2/4/2017
334,Janean,Antonignetti,54,jantonignetti99@example.com,Serbia,,Internal Auditor,31609,5/29/2020
335,Bard,Branchett,50,bbranchett9a@shareasale.com,Brazil,69460-000,Senior Sales Associate,78743,8/26/2022
336,Forester,Benkhe,52,fbenkhe9b@umich.edu,Argentina,5186,Sales Representative,79382,2/3/2015
337,Rance,Gilby,63,rgilby9c@purevolume.com,Azerbaijan,,Junior Executive,119804,6/27/2015
338,Fredrika,Eley,42,feley9d@acquirethisname.com,Indonesia,,Statistician IV,30411,11/11/2017
339,Armin,Casa,44,acasa9e@hatena.ne.jp,Russia,356526,Mechanical Systems Engineer,81061,3/20/2022
340,Cody,O'Hagan,44,cohagan9f@wikimedia.org,Japan,289-1211,Teacher,21346,2/17/2010
341,Sanson,Skyrm,61,sskyrm9g@google.ca,South Africa,9670,Safety Technician I,82932,4/20/2010
342,Mae,Merigon,43,mmerigon9h@illinois.edu,China,,Automation Specialist IV,133121,2/11/2012
343,Angele,Portt,58,aportt9i@microsoft.com,Thailand,33110,Executive Secretary,104471,3/30/2018
344,Karna,McIlvoray,45,kmcilvoray9j@elpais.com,Albania,,Engineer II,34268,5/6/2016
345,Aurelia,Derrell,52,aderrell9k@arstechnica.com,China,,Associate Professor,76591,11/30/2020
346,Tabb,Younglove,58,tyounglove9l@reddit.com,Brazil,13270-000,Geological Engineer,96605,4/8/2013
347,Nappie,Iredell,47,niredell9m@nps.gov,Portugal,4890-484,Statistician IV,77562,3/23/2015
348,Marlowe,Sallings,26,msallings9n@chronoengine.com,Malawi,,Software Engineer III,30138,4/5/2019
349,Selinda,Camel,27,scamel9o@timesonline.co.uk,Russia,186806,Staff Accountant III,103814,6/5/2022
350,Wynn,Safont,35,wsafont9p@cdbaby.com,Ukraine,,Desktop Support Technician,106072,4/2/2019
351,Kenyon,Coulman,24,kcoulman9q@whitehouse.gov,Philippines,3013,Programmer III,54008,4/18/2022
352,Shayna,Wycliff,61,swycliff9r@europa.eu,Peru,,Senior Sales Associate,60501,2/16/2022
353,Corbet,Josephov,33,cjosephov9s@blogtalkradio.com,France,35059 CEDEX,Legal Assistant,34737,8/24/2020
354,Arnaldo,Commins,27,acommins9t@redcross.org,China,,VP Sales,53383,11/29/2018
355,Cinderella,Tramel,27,ctramel9u@biblegateway.com,Philippines,5039,Product Engineer,132549,5/10/2010
356,Trudy,Gaines,38,tgaines9v@jigsy.com,China,,Junior Executive,29075,5/17/2014
357,Mallorie,McGrath,28,mmcgrath9w@angelfire.com,Argentina,5461,Environmental Tech,126375,9/20/2018
358,Jamesy,Derrington,20,jderrington9x@tiny.cc,Brazil,53700-000,Senior Cost Accountant,44498,12/31/2018
359,Reg,MacArthur,18,rmacarthur9y@blog.com,China,,Web Developer II,67186,8/24/2015
360,Brody,Rafe,51,brafe9z@mapy.cz,France,91324 CEDEX,Quality Engineer,36534,12/11/2015
361,Ahmad,Eveque,51,aevequea0@tmall.com,Japan,597-0095,Automation Specialist I,45742,12/28/2016
362,Jeannie,Juza,38,jjuzaa1@ibm.com,Indonesia,,Software Engineer IV,42955,9/17/2019
363,Vi,Lawley,62,vlawleya2@wordpress.org,Portugal,2760-040,Engineer IV,60467,7/22/2018
364,Cathyleen,Vankin,33,cvankina3@google.it,France,24016 CEDEX,Operator,55581,11/1/2012
365,Norene,Malmar,60,nmalmara4@amazonaws.com,Russia,175100,Quality Engineer,44846,12/3/2016
366,Hugh,Webermann,61,hwebermanna5@shinystat.com,Brazil,95940-000,Executive Secretary,60381,2/26/2010
367,Farica,Durward,52,fdurwarda6@moonfruit.com,Chile,,Executive Secretary,77613,7/10/2021
368,Bess,Laverock,34,blaverocka7@fda.gov,Russia,692658,Statistician IV,75015,1/18/2015
369,Walker,Lideard,39,wlidearda8@eepurl.com,Poland,59-830,Analyst Programmer,128553,12/27/2011
370,Nancee,Heddon,33,nheddona9@drupal.org,Ireland,R14,Administrative Officer,100841,11/4/2016
371,Burt,Wisam,45,bwisamaa@vimeo.com,China,,Assistant Professor,61588,10/23/2014
372,Allegra,Wills,60,awillsab@cyberchimps.com,Sweden,417 57,Administrative Assistant II,58068,4/28/2012
373,Darcy,Djurevic,39,ddjurevicac@ustream.tv,Colombia,252257,Financial Analyst,108623,6/17/2011
374,Timoteo,Gallop,55,tgallopad@ucoz.com,United States,55448,Structural Engineer,147549,4/19/2015
375,Alanah,Dudney,61,adudneyae@chronoengine.com,Indonesia,,VP Accounting,112429,5/23/2012
376,Liva,Pettengell,18,lpettengellaf@mediafire.com,Russia,346396,Structural Engineer,53510,12/21/2014
377,Alon,Varley,29,avarleyag@wufoo.com,United States,45426,Business Systems Development Analyst,46813,7/8/2016
378,Edi,Emanuelov,59,eemanuelovah@posterous.com,Ireland,D04,Health Coach I,67755,11/12/2018
379,Ki,Hannah,35,khannahai@mayoclinic.com,China,,GIS Technical Architect,68193,8/5/2010
380,Roman,Buckie,40,rbuckieaj@webmd.com,Mongolia,,Engineer II,75396,10/29/2012
381,Bondon,Shilling,47,bshillingak@vimeo.com,Czech Republic,687 12,Programmer Analyst I,57016,11/14/2018
382,Enrichetta,Sobtka,30,esobtkaal@vinaora.com,Madagascar,,Food Chemist,64546,6/2/2010
383,Ricard,Demaine,18,rdemaineam@imgur.com,Morocco,,Product Engineer,83771,10/16/2016
384,Tye,Prydden,48,tpryddenan@hud.gov,Mali,,GIS Technical Architect,65373,1/21/2015
385,Bidget,Orrey,26,borreyao@reverbnation.com,Indonesia,,VP Marketing,120510,11/25/2020
386,Cloris,Battrum,22,cbattrumap@icq.com,Indonesia,,VP Quality Control,136312,3/6/2017
387,Iseabal,Wrey,19,iwreyaq@bigcartel.com,Philippines,7033,Physical Therapy Assistant,101809,8/28/2021
388,Ingemar,Houtby,52,ihoutbyar@google.de,Philippines,8718,Nuclear Power Engineer,149023,5/7/2022
389,Phaidra,Teal,57,ptealas@ow.ly,Ukraine,,Design Engineer,36887,9/20/2013
390,Othelia,Syversen,36,osyversenat@instagram.com,China,,Paralegal,119070,10/6/2011
391,Dewain,Darlaston,51,ddarlastonau@usatoday.com,Morocco,,Nurse Practicioner,38644,11/16/2019
392,Elora,Dirr,60,edirrav@omniture.com,Indonesia,,Research Assistant IV,65588,5/10/2020
393,Estelle,Wisdish,20,ewisdishaw@google.ru,China,,Software Test Engineer I,33717,9/5/2015
394,Dotti,Wheeler,20,dwheelerax@cocolog-nifty.com,China,,Design Engineer,87228,10/21/2020
395,Zilvia,Fooks,40,zfooksay@elegantthemes.com,Portugal,3700-622,GIS Technical Architect,36631,7/26/2018
396,Julieta,Jaulme,36,jjaulmeaz@samsung.com,Netherlands,6714,Developer II,92137,6/13/2014
397,Karina,Bertenshaw,49,kbertenshawb0@slideshare.net,Thailand,35000,Analog Circuit Design manager,28194,1/31/2022
398,Salem,Talby,20,stalbyb1@nature.com,Poland,42-470,Senior Editor,139600,9/19/2022
399,Elvina,Darke,60,edarkeb2@t-online.de,Argentina,7240,Administrative Officer,69733,10/28/2022
400,Oliver,Charsley,40,ocharsleyb3@auda.org.au,China,,Actuary,97444,6/27/2012
401,Brittne,Staining,45,bstainingb4@domainmarket.com,China,,Research Associate,37619,4/2/2021
402,Joly,Shropshire,27,jshropshireb5@earthlink.net,Indonesia,,Recruiter,86016,9/3/2010
403,Abraham,Francescone,45,afrancesconeb6@ft.com,Mexico,93995,Payment Adjustment Coordinator,33019,7/6/2013
404,Drona,Davies,48,ddaviesb7@nih.gov,Iceland,172,Financial Advisor,148342,10/29/2017
405,Amber,Bodocs,65,abodocsb8@oaic.gov.au,Sweden,312 31,Financial Advisor,144991,10/24/2020
406,Margarita,McCrackem,64,mmccrackemb9@moonfruit.com,Philippines,6534,Senior Cost Accountant,83998,4/7/2017
407,Amil,Lumly,49,alumlyba@hibu.com,Russia,623287,Information Systems Manager,25276,5/9/2018
408,Adiana,Fortin,30,afortinbb@ca.gov,Indonesia,,Human Resources Manager,58691,7/31/2012
409,Zola,Ricardon,54,zricardonbc@woothemes.com,Philippines,7020,Structural Analysis Engineer,111452,4/24/2019
410,Vivyan,Sweedland,48,vsweedlandbd@ow.ly,France,91024 CEDEX,Analog Circuit Design manager,114071,8/26/2012
411,Lida,O'Halligan,40,lohalliganbe@ovh.net,China,,Registered Nurse,131245,9/29/2022
412,Erwin,Gilphillan,45,egilphillanbf@istockphoto.com,Panama,,Human Resources Manager,54344,5/10/2011
413,Colver,Bottrell,47,cbottrellbg@umich.edu,Vietnam,,Sales Associate,38034,3/21/2019
414,Tobie,Smurfit,24,tsmurfitbh@ameblo.jp,Poland,43-419,Clinical Specialist,101093,12/4/2019
415,Larina,Sifflett,63,lsifflettbi@bluehost.com,Greece,,Office Assistant II,147759,10/17/2013
416,Ollie,McKinlay,23,omckinlaybj@comcast.net,Tunisia,,Occupational Therapist,65656,12/4/2019
417,Burnaby,Stilgo,46,bstilgobk@forbes.com,China,,Programmer Analyst IV,26609,12/16/2015
418,Ernestus,Wiggington,48,ewiggingtonbl@ucsd.edu,Philippines,4221,Safety Technician II,139114,6/10/2017
419,Meagan,Maughan,18,mmaughanbm@craigslist.org,Portugal,7090-224,Financial Analyst,135046,11/20/2011
420,Pablo,Legat,33,plegatbn@yahoo.com,Russia,102192,Business Systems Development Analyst,139254,7/17/2011
421,Corbie,Sterricker,63,csterrickerbo@pen.io,Indonesia,,Safety Technician II,20043,5/17/2010
422,Kelila,Ranns,35,krannsbp@quantcast.com,China,,Developer I,58519,1/22/2012
423,Margarete,Belfield,30,mbelfieldbq@ted.com,Indonesia,,Clinical Specialist,24512,3/1/2013
424,Adelheid,Braunes,32,abraunesbr@google.com.br,Thailand,15170,Web Developer II,26653,5/3/2022
425,Maddy,Coule,33,mcoulebs@mapy.cz,Palestinian Territory,,Librarian,117178,4/19/2013
426,Elna,Voice,48,evoicebt@google.com.hk,Kazakhstan,,Nurse Practicioner,102942,10/28/2015
427,Douglass,Bartram,39,dbartrambu@woothemes.com,China,,Automation Specialist IV,113454,3/25/2022
428,Maxi,Guilder,31,mguilderbv@meetup.com,Zambia,,VP Sales,97841,8/16/2013
429,Judi,Snailham,35,jsnailhambw@ameblo.jp,Indonesia,,Accounting Assistant III,49310,8/28/2015
430,Rania,Baume,28,rbaumebx@vistaprint.com,China,,Staff Scientist,119727,4/12/2010
431,Zenia,Warfield,28,zwarfieldby@tinypic.com,Azerbaijan,,Senior Sales Associate,33524,2/16/2019
432,Cristen,Stooke,58,cstookebz@prnewswire.com,Italy,25129,Software Test Engineer III,105229,7/24/2022
433,Maribeth,Hunday,62,mhundayc0@jiathis.com,France,74999 CEDEX 9,Computer Systems Analyst III,63178,6/13/2016
434,Corinna,Sleite,43,csleitec1@hugedomains.com,Afghanistan,,Media Manager III,70216,2/4/2012
435,Wilmette,Botfield,56,wbotfieldc2@scientificamerican.com,Poland,04-358,Actuary,99989,12/21/2017
436,Augustin,Aldrin,28,aaldrinc3@icio.us,Russia,671633,Staff Scientist,103221,2/23/2016
437,Shanan,Twiddell,40,stwiddellc4@free.fr,China,,Social Worker,144937,3/20/2022
438,Jilly,Christol,39,jchristolc5@cam.ac.uk,China,,Accountant II,47346,8/6/2017
439,Muriel,Selborne,44,mselbornec6@macromedia.com,Indonesia,,Internal Auditor,140682,7/27/2016
440,Oralla,Morecombe,29,omorecombec7@wsj.com,Mexico,56700,Financial Analyst,92846,4/4/2011
441,Charline,Anthon,23,canthonc8@weather.com,Czech Republic,435 43,Quality Control Specialist,138020,5/14/2016
442,Gannie,Asbury,54,gasburyc9@admin.ch,China,,Research Assistant II,111085,8/24/2014
443,Hadria,Pawelek,26,hpawelekca@nyu.edu,Russia,356825,VP Quality Control,114330,6/11/2010
444,Jeremias,Minchella,54,jminchellacb@elegantthemes.com,Indonesia,,Financial Analyst,114954,11/19/2010
445,Duane,Follan,44,dfollancc@yahoo.co.jp,Russia,165340,Paralegal,133373,2/20/2013
446,Lanita,Deinert,60,ldeinertcd@posterous.com,China,,Senior Quality Engineer,39100,7/6/2021
447,Carolann,Fontes,61,cfontesce@miibeian.gov.cn,Greece,,Actuary,130369,8/12/2014
448,Opal,Ranyard,27,oranyardcf@prlog.org,Nigeria,,Web Designer III,48604,11/20/2010
449,Leonore,Este,58,lestecg@theatlantic.com,China,,Research Assistant I,52099,5/6/2012
450,Myrta,Sherwin,45,msherwinch@geocities.jp,Portugal,2510-515,Product Engineer,119035,11/26/2013
451,Raquela,Glave,41,rglaveci@goo.ne.jp,Ukraine,,Assistant Manager,79938,7/16/2014
452,Forester,Wabersich,30,fwabersichcj@prlog.org,China,,Professor,144851,2/15/2010
453,Salomon,Dust,28,sdustck@blinklist.com,Thailand,43120,VP Marketing,108952,11/21/2018
454,Elfrida,Shellibeer,51,eshellibeercl@prweb.com,China,,Administrative Assistant III,119830,7/19/2016
455,Saudra,Blanking,59,sblankingcm@printfriendly.com,Fiji,,Senior Quality Engineer,107306,6/24/2020
456,Kitty,Woolens,55,kwoolenscn@virginia.edu,Netherlands,2228,Compensation Analyst,92591,3/13/2015
457,Kitty,Ovett,57,kovettco@imdb.com,Portugal,2305-025,Administrative Assistant I,82231,5/20/2011
458,Velvet,Jimmison,32,vjimmisoncp@marriott.com,Finland,29811,Structural Engineer,104541,10/21/2010
459,Ericha,Ingyon,43,eingyoncq@tinyurl.com,China,,Human Resources Assistant IV,127950,11/8/2011
460,Sara-ann,Korb,55,skorbcr@biblegateway.com,China,,Help Desk Technician,81479,11/2/2016
461,Adda,MacGauhy,56,amacgauhycs@mozilla.org,Malaysia,91010,Accounting Assistant IV,42977,8/28/2021
462,Dorice,Sanson,60,dsansonct@time.com,Indonesia,,Research Nurse,71718,3/12/2014
463,Phillie,Veighey,38,pveigheycu@arizona.edu,Portugal,2430-024,Teacher,52377,11/27/2018
464,Deni,Tague,44,dtaguecv@zimbio.com,China,,Geologist III,37300,9/13/2018
465,Lynett,Dilrew,22,ldilrewcw@jigsy.com,Dominican Republic,11117,Senior Quality Engineer,71221,6/25/2018
466,Immanuel,Minshall,34,iminshallcx@toplist.cz,Dominican Republic,11005,Technical Writer,92818,10/15/2022
467,Paton,Morville,62,pmorvillecy@tmall.com,Norway,1814,Web Developer II,37499,3/11/2014
468,Norman,Greste,49,ngrestecz@tiny.cc,Mongolia,,General Manager,40115,5/4/2018
469,Gladys,Cutchee,25,gcutcheed0@weibo.com,Russia,301477,Community Outreach Specialist,34350,10/28/2017
470,Lucho,Prati,26,lpratid1@delicious.com,China,,Media Manager II,137519,3/10/2017
471,Elmer,Renshell,41,erenshelld2@wired.com,China,,Assistant Professor,126081,5/1/2013
472,Norby,Worviell,32,nworvielld3@ebay.co.uk,China,,Quality Control Specialist,36870,1/13/2019
473,Brantley,Bravington,28,bbravingtond4@gov.uk,Pakistan,59311,Systems Administrator I,34536,8/17/2011
474,Sal,Coltherd,27,scoltherdd5@sina.com.cn,Netherlands,5904,Administrative Assistant I,54982,4/9/2017
475,Josephine,Balser,23,jbalserd6@narod.ru,Turkmenistan,,Account Coordinator,88819,8/6/2013
476,Erik,Abbie,42,eabbied7@ning.com,United States,43240,Compensation Analyst,126645,10/7/2018
477,Amitie,Kingsland,48,akingslandd8@bing.com,Indonesia,,Tax Accountant,112760,8/10/2019
478,Kurt,Lunck,57,klunckd9@ameblo.jp,China,,Nuclear Power Engineer,111832,8/12/2013
479,Cash,Farquarson,30,cfarquarsonda@issuu.com,China,,Information Systems Manager,81959,7/17/2016
480,Hamlen,Hilhouse,65,hhilhousedb@xrea.com,China,,Marketing Manager,38025,7/12/2015
481,Joelie,Croome,31,jcroomedc@admin.ch,China,,Product Engineer,115715,2/28/2020
482,Agnes,Ropkins,63,aropkinsdd@freewebs.com,China,,Structural Analysis Engineer,128512,3/7/2018
483,Brittni,Spick,57,bspickde@princeton.edu,Russia,683960,Analyst Programmer,70274,2/9/2022
484,Sela,Sturgeon,53,ssturgeondf@tuttocitta.it,Mexico,92933,Help Desk Technician,109441,4/20/2019
485,Vergil,McIntosh,23,vmcintoshdg@stumbleupon.com,Argentina,4124,Product Engineer,25625,4/9/2022
486,Humphrey,O'Shirine,29,hoshirinedh@google.fr,Canada,L1M,Office Assistant I,119429,4/11/2010
487,Zechariah,Sigart,49,zsigartdi@ucsd.edu,Portugal,2860-318,Staff Accountant III,50420,5/11/2010
488,Cherry,Trobey,34,ctrobeydj@ucsd.edu,Russia,396350,Desktop Support Technician,138570,3/7/2013
489,Ashlee,Jimes,28,ajimesdk@seattletimes.com,New Zealand,0782,Account Coordinator,67643,7/22/2018
490,Irena,Sambles,27,isamblesdl@pagesperso-orange.fr,Argentina,3730,Senior Financial Analyst,67812,3/22/2016
491,Cristy,Benkin,27,cbenkindm@topsy.com,Indonesia,,Payment Adjustment Coordinator,21219,12/1/2019
492,Carmine,Jaine,22,cjainedn@ovh.net,Brazil,13510-000,Structural Engineer,147546,11/1/2018
493,Hillier,Charlton,51,hcharltondo@naver.com,China,,Teacher,139894,9/14/2016
494,Paulie,Kiellor,46,pkiellordp@buzzfeed.com,Portugal,5120-463,Recruiting Manager,113995,1/26/2020
495,Grover,Maudson,52,gmaudsondq@dagondesign.com,China,,Engineer I,78375,12/10/2014
496,Bren,Baggaley,36,bbaggaleydr@mit.edu,France,94264 CEDEX,Research Assistant IV,141731,7/1/2017
497,Margarette,Benzie,29,mbenzieds@hc360.com,Poland,47-180,Software Test Engineer I,86080,12/4/2012
498,Salomon,Mangon,56,smangondt@google.es,Nigeria,,Information Systems Manager,107879,4/18/2011
499,Pearline,Drever,50,pdreverdu@miibeian.gov.cn,Democratic Republic of the Congo,,Programmer Analyst II,53330,8/24/2022
500,Kamila,Brougham,44,kbroughamdv@g.co,Peru,,Nurse,84245,3/23/2020
501,Efrem,Fairbrass,47,efairbrassdw@unc.edu,China,,Help Desk Operator,44986,8/28/2016
502,Sisely,Piotrowski,40,spiotrowskidx@dion.ne.jp,Russia,182157,Recruiter,60477,9/24/2013
503,Merrile,Poutress,34,mpoutressdy@goodreads.com,Luxembourg,L-7634,Teacher,105899,1/23/2020
504,Sharla,Zanre,26,szanredz@latimes.com,China,,VP Quality Control,65010,11/11/2016
505,Husein,Bellis,52,hbellise0@godaddy.com,Indonesia,,Office Assistant I,121253,8/17/2020
506,Terza,Titcombe,46,ttitcombee1@princeton.edu,Australia,6817,Graphic Designer,118941,7/6/2018
507,Daryl,Milella,20,dmilellae2@bandcamp.com,Indonesia,,Research Assistant IV,62999,10/14/2013
508,Polly,Ibbott,60,pibbotte3@kickstarter.com,China,,Design Engineer,145605,10/20/2019
509,Lavinie,Stump,27,lstumpe4@paypal.com,Poland,77-122,Human Resources Assistant III,115757,8/31/2017
510,Minna,Hannabus,52,mhannabuse5@usda.gov,United States,78737,Design Engineer,66432,8/17/2011
511,Naomi,Tatlow,37,ntatlowe6@slate.com,Iran,,VP Sales,125287,6/16/2018
512,Leta,Dell'Abbate,63,ldellabbatee7@yellowbook.com,Russia,307351,Software Consultant,30878,6/8/2016
513,Julia,Filippucci,52,jfilippuccie8@census.gov,Indonesia,,Senior Developer,110858,8/6/2018
514,Ame,Stedell,30,astedelle9@ox.ac.uk,Czech Republic,273 06,Structural Analysis Engineer,147260,1/22/2022
515,Coraline,Lipp,48,clippea@washington.edu,South Africa,3263,Senior Sales Associate,57212,10/11/2019
516,Betta,Ephson,33,bephsoneb@tinyurl.com,Poland,34-143,GIS Technical Architect,87102,5/12/2010
517,Delcina,Clinkard,32,dclinkardec@oracle.com,Brazil,49140-000,Programmer Analyst IV,50121,8/27/2021
518,Saleem,Isitt,46,sisitted@ucla.edu,Indonesia,,Environmental Tech,76159,6/12/2011
519,Meg,Plover,46,mploveree@joomla.org,Philippines,9104,Administrative Assistant III,38469,8/2/2012
520,Marietta,Hanlon,51,mhanlonef@cdc.gov,Russia,143814,Financial Analyst,138774,10/23/2013
521,Flori,D'Antoni,29,fdantonieg@mlb.com,China,,Social Worker,81120,1/5/2014
522,Ferris,Schnitter,59,fschnittereh@vistaprint.com,Russia,142817,Information Systems Manager,68687,5/27/2012
523,Agnella,Crimmins,57,acrimminsei@youtube.com,Sweden,432 30,Health Coach IV,30926,12/9/2010
524,Marje,Dybbe,32,mdybbeej@amazon.co.uk,Philippines,2017,Accounting Assistant III,43492,5/15/2016
525,Shanan,Lingard,61,slingardek@cocolog-nifty.com,Armenia,,VP Quality Control,87890,3/9/2022
526,Korry,Spileman,35,kspilemanel@themeforest.net,Albania,,Electrical Engineer,83223,12/20/2013
527,Esteban,Ollivier,22,eollivierem@mashable.com,China,,Senior Editor,138598,4/17/2010
528,Sly,Bauldrey,42,sbauldreyen@comcast.net,Slovenia,1356,VP Accounting,74762,1/3/2021
529,Henka,Ravel,54,hraveleo@biblegateway.com,Finland,39930,Executive Secretary,107388,11/10/2018
530,Gunilla,Balassa,38,gbalassaep@who.int,Brazil,45550-000,VP Marketing,51834,11/21/2016
531,Scott,Ind,39,sindeq@yandex.ru,Sweden,162 87,Accountant IV,36211,7/20/2015
532,Carina,Iorizzo,22,ciorizzoer@desdev.cn,Russia,143026,Assistant Media Planner,124976,5/6/2015
533,Christiane,Cicutto,42,ccicuttoes@artisteer.com,Nigeria,,Administrative Assistant I,107736,5/25/2015
534,Meryl,Drohun,24,mdrohunet@mozilla.org,Vietnam,,Computer Systems Analyst IV,62637,12/15/2010
535,Rikki,Hector,30,rhectoreu@nhs.uk,Colombia,705079,Marketing Assistant,78249,10/13/2011
536,Phineas,Guthrum,24,pguthrumev@myspace.com,China,,Software Engineer IV,68284,8/22/2020
537,Gothart,Chessor,32,gchessorew@prlog.org,Indonesia,,GIS Technical Architect,76691,3/5/2017
538,Katlin,Wolfendale,47,kwolfendaleex@blogtalkradio.com,China,,Quality Engineer,118191,7/13/2012
539,Alonzo,Pulsford,33,apulsfordey@geocities.jp,Iran,,Physical Therapy Assistant,144133,11/28/2013
540,Austine,Guiett,40,aguiettez@ask.com,Philippines,1235,Database Administrator III,79306,5/12/2019
541,Grove,Draijer,40,gdraijerf0@canalblog.com,Russia,353996,Actuary,94024,3/16/2015
542,Elsworth,Paur,38,epaurf1@howstuffworks.com,Panama,,Help Desk Operator,109727,1/21/2016
543,Melonie,Tooke,63,mtookef2@photobucket.com,China,,Electrical Engineer,47427,9/14/2022
544,Justin,Butchard,28,jbutchardf3@bizjournals.com,Poland,05-191,Biostatistician II,64962,11/15/2013
545,Huntlee,Huchot,35,hhuchotf4@cbslocal.com,Indonesia,,Safety Technician II,80687,12/7/2011
546,Roberta,Monck,35,rmonckf5@nifty.com,China,,Senior Editor,88992,9/29/2020
547,Palm,Woodham,28,pwoodhamf6@cnn.com,Syria,,Cost Accountant,57101,4/10/2017
548,Johannah,Pouton,47,jpoutonf7@nhs.uk,Ukraine,,Food Chemist,86067,8/16/2019
549,Jenelle,Knappitt,33,jknappittf8@cdbaby.com,Armenia,,Structural Analysis Engineer,133952,5/19/2018
550,Wilmette,Boyd,65,wboydf9@mlb.com,Brazil,97670-000,Software Test Engineer IV,96317,9/27/2012
551,Yelena,Borrington,40,yborringtonfa@alibaba.com,Philippines,5009,Graphic Designer,48247,6/21/2014
552,Myrtia,Hayter,29,mhayterfb@hugedomains.com,Slovenia,1233,Occupational Therapist,80538,12/7/2018
553,Dulsea,MacNeilley,58,dmacneilleyfc@istockphoto.com,Honduras,,Software Engineer I,48627,2/1/2011
554,Cilka,Prendeguest,45,cprendeguestfd@samsung.com,Argentina,3361,Research Associate,120483,11/24/2016
555,Anabel,Janicek,25,ajanicekfe@quantcast.com,Indonesia,,Web Designer II,22214,1/18/2022
556,Base,Mixer,63,bmixerff@mlb.com,China,,Analyst Programmer,20186,5/25/2015
557,Danyette,Dulson,29,ddulsonfg@csmonitor.com,Denmark,1757,Recruiter,40884,5/22/2015
558,Isadora,Clotworthy,31,iclotworthyfh@addtoany.com,Peru,,Dental Hygienist,50013,12/5/2019
559,Ezri,Fountaine,20,efountainefi@earthlink.net,Indonesia,,Quality Engineer,98388,8/5/2010
560,Natalee,Ruecastle,26,nruecastlefj@whitehouse.gov,Greece,,Environmental Tech,59603,2/1/2016
561,Mellie,Abisetti,63,mabisettifk@fema.gov,Russia,363704,Structural Analysis Engineer,40656,2/10/2010
562,Dollie,Pullin,34,dpullinfl@gov.uk,Indonesia,,Help Desk Operator,34989,1/18/2012
563,Loren,Awmack,25,lawmackfm@un.org,South Sudan,,Editor,38353,11/22/2018
564,Michale,Merkel,36,mmerkelfn@nih.gov,Ukraine,,Engineer I,66650,1/15/2011
565,Kerianne,Ghidetti,31,kghidettifo@tripod.com,Indonesia,,Design Engineer,148354,9/26/2012
566,Car,Billows,42,cbillowsfp@dedecms.com,Egypt,,Compensation Analyst,126405,8/30/2015
567,Milt,Bloxsom,41,mbloxsomfq@comsenz.com,Peru,,Software Consultant,51493,6/18/2019
568,Edgard,Thornewill,44,ethornewillfr@bizjournals.com,Estonia,,Office Assistant IV,107296,2/8/2017
569,Coletta,Burchmore,39,cburchmorefs@walmart.com,France,78093 CEDEX 9,VP Accounting,95173,11/9/2016
570,Wolfgang,Gurton,65,wgurtonft@nymag.com,Japan,689-2352,Software Engineer II,26475,12/2/2012
571,Torre,Veracruysse,32,tveracruyssefu@slate.com,Pakistan,19130,Business Systems Development Analyst,50737,8/20/2011
572,Chas,Aggio,61,caggiofv@hostgator.com,Indonesia,,Assistant Manager,44845,4/18/2010
573,Rudiger,Holdforth,49,rholdforthfw@edublogs.org,Argentina,5853,Chemical Engineer,40088,4/14/2016
574,Basilius,Evamy,38,bevamyfx@mapquest.com,Chile,,Quality Control Specialist,100832,12/15/2020
575,Diego,Aves,61,davesfy@vk.com,Brazil,13560-000,Paralegal,123450,2/18/2019
576,Flossi,Bukowski,33,fbukowskifz@chicagotribune.com,Portugal,4990-650,Web Developer II,116470,7/30/2014
577,Adria,Fellon,40,afellong0@europa.eu,South Africa,9840,Civil Engineer,53870,2/27/2021
578,Tommie,Adriaan,52,tadriaang1@comcast.net,China,,Systems Administrator II,20435,10/27/2017
579,Kimberly,Kadd,43,kkaddg2@etsy.com,Brazil,18740-000,Librarian,79904,6/28/2018
580,Danyelle,Candy,28,dcandyg3@walmart.com,Portugal,2380-506,Environmental Specialist,136800,7/19/2015
581,Raine,Baynom,64,rbaynomg4@goo.ne.jp,Brazil,65763-000,Human Resources Manager,50566,6/1/2011
582,Corette,Stellman,42,cstellmang5@theatlantic.com,France,26009 CEDEX,Librarian,33656,1/14/2015
583,Jacob,Pyper,57,jpyperg6@trellian.com,Indonesia,,Electrical Engineer,72264,11/24/2017
584,Theodosia,Biagioni,32,tbiagionig7@upenn.edu,France,42335 CEDEX,VP Sales,65187,2/12/2018
585,Rees,Langfat,27,rlangfatg8@cdc.gov,Czech Republic,739 25,Developer II,85073,2/12/2010
586,Aloise,Childe,41,achildeg9@baidu.com,Indonesia,,Payment Adjustment Coordinator,20390,9/28/2011
587,Delbert,Oxton,58,doxtonga@nsw.gov.au,Brazil,35720-000,Media Manager III,99467,6/16/2011
588,Innis,Cleaveland,41,icleavelandgb@bing.com,Portugal,5030-566,Marketing Manager,66238,12/18/2020
589,Joanne,Willowby,34,jwillowbygc@uol.com.br,North Korea,,Nuclear Power Engineer,52729,6/8/2021
590,Raul,Clyant,62,rclyantgd@skype.com,Indonesia,,Quality Control Specialist,67538,4/14/2021
591,Mora,Eyckelbeck,32,meyckelbeckge@vinaora.com,Philippines,2211,Financial Analyst,120826,5/27/2015
592,Giacopo,Goter,19,ggotergf@wikispaces.com,Slovenia,4274,Dental Hygienist,94973,9/3/2017
593,Harrie,Spragge,51,hspraggegg@elegantthemes.com,China,,Social Worker,36550,8/31/2019
594,Evanne,Bellward,40,ebellwardgh@1und1.de,China,,Librarian,111427,11/23/2013
595,Keri,Mariyushkin,63,kmariyushkingi@reverbnation.com,Russia,186670,Programmer Analyst I,131417,4/26/2016
596,Renard,Corness,62,rcornessgj@free.fr,Mauritius,,Tax Accountant,25900,4/6/2016
597,Dewey,Davana,36,ddavanagk@deviantart.com,China,,Pharmacist,68604,2/10/2015
598,Giffer,Gligori,45,ggligorigl@taobao.com,China,,Systems Administrator IV,51659,6/3/2010
599,Emanuel,Jendrys,53,ejendrysgm@histats.com,Indonesia,,GIS Technical Architect,93345,5/20/2017
600,Mill,Wales,43,mwalesgn@pcworld.com,United States,11024,Human Resources Manager,29644,1/2/2010
601,Sumner,Leindecker,22,sleindeckergo@google.fr,Indonesia,,Director of Sales,103663,7/18/2015
602,Emilio,Cutcliffe,62,ecutcliffegp@livejournal.com,Russia,619001,VP Sales,82989,3/16/2010
603,Dwayne,Feldklein,44,dfeldkleingq@cbc.ca,Argentina,8520,Programmer Analyst IV,60877,9/8/2016
604,Marjie,Westmoreland,36,mwestmorelandgr@bbc.co.uk,China,,Physical Therapy Assistant,60244,11/22/2018
605,Malia,Brisseau,24,mbrisseaugs@ehow.com,Panama,,Engineer IV,149762,2/14/2015
606,Shirlee,Gallifont,65,sgallifontgt@un.org,China,,GIS Technical Architect,104134,10/15/2021
607,Heida,Nys,37,hnysgu@google.com.au,China,,Paralegal,124700,8/12/2017
608,Robinet,Westhoff,29,rwesthoffgv@mysql.com,Norway,3519,Chemical Engineer,81803,7/9/2016
609,Terrijo,Uebel,28,tuebelgw@tinyurl.com,Poland,95-030,Programmer Analyst III,66847,3/4/2012
610,Wells,Cairney,41,wcairneygx@patch.com,Canada,L4P,Graphic Designer,124608,10/7/2022
611,Agnesse,Pittford,49,apittfordgy@bing.com,Honduras,,Data Coordinator,135815,10/29/2019
612,Catie,Bellon,33,cbellongz@cornell.edu,Indonesia,,Sales Representative,20485,7/28/2022
613,Marcella,Chumley,40,mchumleyh0@bloglovin.com,China,,Dental Hygienist,42856,10/19/2020
614,Duncan,Ayers,38,dayersh1@dot.gov,Greece,,Staff Scientist,129923,10/1/2011
615,Perrine,Ambage,35,pambageh2@networkadvertising.org,Sweden,411 31,Senior Cost Accountant,54317,11/8/2016
616,Adi,Limeburner,47,alimeburnerh3@nps.gov,Brazil,14400-000,Desktop Support Technician,132205,5/17/2018
617,Garey,MacNally,63,gmacnallyh4@hibu.com,Palestinian Territory,,Technical Writer,38570,3/10/2021
618,Dore,Keneford,59,dkenefordh5@quantcast.com,Cameroon,,Pharmacist,77671,8/25/2021
619,Deanna,Mynard,35,dmynardh6@surveymonkey.com,Sweden,268 32,Software Test Engineer I,139093,6/9/2018
620,Stephen,Pentelow,38,spentelowh7@merriam-webster.com,France,64109 CEDEX,Desktop Support Technician,144137,12/24/2022
621,Kamila,Flooks,26,kflooksh8@theglobeandmail.com,Sweden,434 43,Quality Control Specialist,105933,6/8/2018
622,Matthus,Quigg,25,mquiggh9@mac.com,Venezuela,,Programmer Analyst III,65346,5/24/2021
623,Ahmad,Montague,48,amontagueha@biblegateway.com,Mexico,94463,Research Nurse,35680,9/26/2022
624,Modesty,Shutler,22,mshutlerhb@bluehost.com,Russia,601240,Account Representative III,147046,2/12/2013
625,Em,Downey,18,edowneyhc@moonfruit.com,Madagascar,,Structural Analysis Engineer,31282,11/23/2015
626,Joshua,Latan,65,jlatanhd@imgur.com,Russia,658476,Recruiting Manager,79542,1/3/2017
627,Dorisa,Credland,55,dcredlandhe@buzzfeed.com,Indonesia,,Engineer III,34078,10/31/2016
628,Willa,Kopec,43,wkopechf@cdc.gov,China,,Human Resources Assistant II,61526,7/24/2015
629,Dari,Chowne,30,dchownehg@sciencedaily.com,Russia,404622,Statistician I,117974,8/12/2016
630,Kingston,Madgett,41,kmadgetthh@purevolume.com,Egypt,,Civil Engineer,126317,5/22/2012
631,Gusella,Bearcroft,20,gbearcrofthi@facebook.com,Indonesia,,Budget/Accounting Analyst I,144168,2/4/2013
632,Tommi,Le Frank,51,tlefrankhj@japanpost.jp,Nigeria,,Business Systems Development Analyst,26806,2/9/2011
633,Trixie,Pethick,20,tpethickhk@nifty.com,China,,Payment Adjustment Coordinator,50706,12/11/2010
634,Saul,Staynes,33,sstayneshl@technorati.com,China,,Programmer I,76083,2/20/2017
635,Kathye,McMonies,40,kmcmonieshm@canalblog.com,Indonesia,,VP Quality Control,91206,11/18/2022
636,Ines,Forsdicke,42,iforsdickehn@narod.ru,Japan,870-0122,Analog Circuit Design manager,23291,11/27/2011
637,Decca,Wesker,46,dweskerho@sitemeter.com,Canada,T1C,Actuary,56005,1/17/2014
638,Henryetta,Benham,26,hbenhamhp@prnewswire.com,China,,Media Manager III,59232,12/23/2022
639,Ewart,Van Leeuwen,40,evanleeuwenhq@addthis.com,Philippines,8506,Internal Auditor,39879,7/16/2011
640,Amalle,Van Niekerk,21,avanniekerkhr@bbb.org,Thailand,52160,Senior Sales Associate,94036,10/31/2011
641,Eula,Conahy,44,econahyhs@geocities.com,Philippines,7015,Teacher,78263,9/8/2015
642,Caddric,Blamey,26,cblameyht@sun.com,Sweden,312 31,Actuary,140371,8/3/2018
643,Roseann,Brader,36,rbraderhu@illinois.edu,Czech Republic,793 05,VP Marketing,67850,10/28/2019
644,Stephannie,Trousdell,23,strousdellhv@huffingtonpost.com,Cameroon,,Research Associate,119882,5/6/2015
645,Camala,Corbitt,32,ccorbitthw@newsvine.com,China,,Engineer IV,111441,9/2/2012
646,Orland,Kitchingman,42,okitchingmanhx@opera.com,Antigua and Barbuda,,Human Resources Manager,36197,1/29/2018
647,Janene,Farn,63,jfarnhy@tiny.cc,Indonesia,,Developer II,46943,7/23/2015
648,Nelie,Gawkroge,49,ngawkrogehz@parallels.com,Syria,,Environmental Tech,130066,4/2/2012
649,Murray,O' Finan,48,mofinani0@noaa.gov,Russia,620920,Senior Quality Engineer,62189,6/29/2015
650,Archambault,Einchcombe,49,aeinchcombei1@huffingtonpost.com,Palestinian Territory,,Speech Pathologist,129563,5/19/2019
651,Sarajane,Tolle,51,stollei2@cbsnews.com,Mexico,38823,Nurse,85409,7/4/2019
652,Shay,Andreutti,27,sandreuttii3@google.nl,China,,VP Quality Control,37118,10/11/2022
653,Brynne,Bloom,62,bbloomi4@wiley.com,Pakistan,80100,Marketing Assistant,132013,4/2/2016
654,Lura,Caldaro,54,lcaldaroi5@latimes.com,Spain,04005,Programmer Analyst II,129883,12/6/2021
655,Devondra,Stoppe,25,dstoppei6@godaddy.com,Panama,,Senior Financial Analyst,29318,12/18/2013
656,Stearne,Drage,24,sdragei7@abc.net.au,Argentina,2240,Dental Hygienist,134354,11/16/2010
657,Lois,Bowkett,29,lbowketti8@cbslocal.com,Mauritius,,Nuclear Power Engineer,115017,7/5/2017
658,Conrade,Huxley,45,chuxleyi9@phpbb.com,France,13802 CEDEX,Librarian,73756,3/11/2016
659,Elna,Boughtwood,40,eboughtwoodia@wsj.com,China,,Computer Systems Analyst IV,125133,6/14/2014
660,Boycey,Sayre,35,bsayreib@g.co,Portugal,7460-204,Data Coordinator,114767,1/9/2021
661,Benedikt,Cardenas,31,bcardenasic@earthlink.net,Greece,,Paralegal,63916,12/4/2014
662,Cesaro,Radbond,32,cradbondid@devhub.com,Namibia,,Administrative Officer,122300,8/2/2016
663,Buffy,Babbe,25,bbabbeie@bloglovin.com,Philippines,1751,Geological Engineer,64434,10/31/2013
664,Dag,Delacoste,33,ddelacosteif@vkontakte.ru,Peru,,Human Resources Manager,22844,10/10/2014
665,Rasla,MacIlurick,40,rmacilurickig@ed.gov,Serbia,,Physical Therapy Assistant,107385,4/17/2013
666,Mitzi,Helix,25,mhelixih@marketwatch.com,Indonesia,,Senior Editor,90943,2/6/2017
667,Hanan,Burke,50,hburkeii@ifeng.com,Nigeria,,Administrative Officer,33441,4/28/2020
668,Birgitta,McSkeagan,32,bmcskeaganij@theguardian.com,China,,Web Designer III,82187,3/4/2019
669,Parrnell,Dent,54,pdentik@prlog.org,Brazil,89270-000,Structural Engineer,72551,1/13/2015
670,Lusa,MacPhail,50,lmacphailil@mediafire.com,Portugal,2630-115,Systems Administrator IV,42943,7/20/2021
671,Jim,Diehn,59,jdiehnim@redcross.org,Greece,,Safety Technician I,55272,4/30/2022
672,Cletus,Gaiter,60,cgaiterin@xing.com,Brazil,99700-000,Assistant Media Planner,125176,12/28/2019
673,Thor,Coop,45,tcoopio@de.vu,Ecuador,,Design Engineer,134843,2/1/2012
674,Madalena,Webburn,44,mwebburnip@admin.ch,China,,Electrical Engineer,75552,2/20/2014
675,Abbi,Mozzi,49,amozziiq@webeden.co.uk,Canada,E8M,Engineer IV,45023,8/26/2014
676,Emmett,Staynes,54,estaynesir@about.com,Russia,162400,Nurse,114571,1/3/2019
677,Freeland,Machans,24,fmachansis@usda.gov,Colombia,763568,Nuclear Power Engineer,74566,9/17/2012
678,Odetta,Mosco,54,omoscoit@drupal.org,Nigeria,,VP Product Management,116188,7/23/2012
679,Ermengarde,Southcomb,46,esouthcombiu@ca.gov,Kazakhstan,,Help Desk Operator,89013,9/8/2020
680,Ricki,Haack,45,rhaackiv@arizona.edu,Brazil,93600-000,Environmental Tech,136438,8/7/2013
681,Fletcher,Reeday,29,freedayiw@google.ca,Greece,,Cost Accountant,144315,7/17/2022
682,Dorree,Easbie,18,deasbieix@a8.net,Russia,452155,Office Assistant I,117449,9/29/2018
683,Nat,Speak,26,nspeakiy@vkontakte.ru,Brazil,94400-000,Budget/Accounting Analyst III,148992,1/29/2022
684,Llywellyn,Joao,37,ljoaoiz@e-recht24.de,Malaysia,01540,Environmental Specialist,116674,12/12/2011
685,Winna,Velte,34,wveltej0@redcross.org,Bulgaria,6200,Sales Associate,90406,10/17/2010
686,Quentin,Greatorex,26,qgreatorexj1@europa.eu,Indonesia,,Senior Developer,145940,7/21/2014
687,Barbaraanne,Leathers,27,bleathersj2@csmonitor.com,Brazil,47650-000,Marketing Assistant,143775,11/5/2011
688,Andrea,Tidy,39,atidyj3@amazonaws.com,Canada,L2A,VP Product Management,67148,10/29/2010
689,Carolann,Libreros,23,clibrerosj4@canalblog.com,Russia,607700,Statistician III,21434,6/18/2022
690,Winn,Gaines,50,wgainesj5@cam.ac.uk,Portugal,7700-015,Mechanical Systems Engineer,131521,5/2/2010
691,Sher,Coxhell,43,scoxhellj6@cocolog-nifty.com,Colombia,253017,Quality Control Specialist,122052,6/11/2018
692,Berke,Bubear,51,bbubearj7@tmall.com,Kazakhstan,,Database Administrator I,138098,4/21/2016
693,Laurella,Kleinerman,61,lkleinermanj8@wikia.com,Indonesia,,Operator,68897,3/18/2019
694,Tessie,Golsby,31,tgolsbyj9@zimbio.com,China,,Legal Assistant,142730,11/13/2019
695,Sheppard,Hamman,25,shammanja@yale.edu,United States,18763,Analog Circuit Design manager,21713,6/8/2015
696,Michaella,Deetlefs,24,mdeetlefsjb@pcworld.com,China,,Nuclear Power Engineer,148857,3/17/2022
697,Elsey,Fidgett,38,efidgettjc@lycos.com,Philippines,6407,Sales Representative,131586,1/15/2020
698,Dalt,Leslie,18,dlesliejd@psu.edu,Indonesia,,Analyst Programmer,130175,1/20/2016
699,Archambault,Willoway,47,awillowayje@webs.com,China,,Recruiting Manager,140387,5/28/2011
700,Conchita,Kestian,62,ckestianjf@va.gov,Indonesia,,Senior Cost Accountant,142777,5/15/2013
701,Yasmin,Flaxman,25,yflaxmanjg@stumbleupon.com,China,,Librarian,30200,4/18/2018
702,Augusto,Umpleby,49,aumplebyjh@auda.org.au,Sweden,146 40,Civil Engineer,103510,8/11/2016
703,Muffin,Flockhart,57,mflockhartji@edublogs.org,Poland,72-110,Food Chemist,117844,3/18/2018
704,Minne,Haggerston,54,mhaggerstonjj@webmd.com,Indonesia,,Design Engineer,28099,3/26/2015
705,Bernetta,Wenn,33,bwennjk@hp.com,Russia,353624,Project Manager,138935,3/20/2022
706,Debra,Kobpal,49,dkobpaljl@wisc.edu,Greece,,Media Manager II,130037,5/13/2021
707,Orion,Dewdeny,25,odewdenyjm@tripadvisor.com,China,,Community Outreach Specialist,22797,11/10/2018
708,Wenona,Dallmann,41,wdallmannjn@digg.com,China,,Internal Auditor,103144,7/8/2018
709,Giulio,Norway,19,gnorwayjo@cdc.gov,Argentina,7100,Environmental Specialist,83608,12/17/2017
710,Kendricks,Emmerson,43,kemmersonjp@drupal.org,Philippines,8710,Nuclear Power Engineer,21829,9/5/2018
711,Cirillo,Janata,48,cjanatajq@huffingtonpost.com,South Africa,2680,Electrical Engineer,133796,3/7/2013
712,Jinny,Pessel,18,jpesseljr@shinystat.com,Chile,,Compensation Analyst,134806,1/1/2011
713,Rozelle,Cicetti,27,rcicettijs@utexas.edu,Germany,20359,Account Representative I,53653,4/11/2014
714,Eustace,Hurton,63,ehurtonjt@digg.com,Russia,301260,Chemical Engineer,28198,7/8/2020
715,Sanderson,Fittis,38,sfittisju@hostgator.com,Indonesia,,Systems Administrator III,94563,7/23/2020
716,Ruthe,Munkley,24,rmunkleyjv@soup.io,Poland,39-215,Dental Hygienist,102854,6/27/2015
717,Darbie,Jelk,24,djelkjw@chron.com,Mexico,35156,Community Outreach Specialist,27718,2/17/2022
718,Jerome,Ayer,34,jayerjx@tamu.edu,Azerbaijan,,Nurse,69102,9/5/2022
719,Salli,Roddie,49,sroddiejy@tamu.edu,United States,23612,Graphic Designer,61322,3/9/2010
720,Tani,Zamboniari,56,tzamboniarijz@bing.com,China,,Nurse,28941,10/5/2014
721,Stephi,Vakhrushin,42,svakhrushink0@google.com.au,China,,Tax Accountant,148395,1/14/2015
722,Walton,De Laci,53,wdelacik1@macromedia.com,Peru,,Software Consultant,53199,12/22/2018
723,Vin,Lunge,25,vlungek2@hud.gov,China,,Human Resources Assistant I,59651,2/19/2016
724,Waldemar,Elkington,63,welkingtonk3@last.fm,China,,Statistician I,27695,6/9/2014
725,Brnaby,O'Feeny,23,bofeenyk4@dedecms.com,Zimbabwe,,Statistician IV,46203,12/21/2010
726,Yoshi,Sinkin,38,ysinkink5@hibu.com,Panama,,Account Coordinator,95557,5/5/2020
727,Amy,O'Keevan,44,aokeevank6@instagram.com,Malawi,,Computer Systems Analyst III,129412,3/21/2022
728,Dani,Stallwood,54,dstallwoodk7@blogtalkradio.com,Germany,10409,Professor,25100,10/5/2022
729,Hestia,Guidera,64,hguiderak8@paypal.com,Mongolia,,Recruiting Manager,22955,8/15/2013
730,Marlene,Sheards,46,msheardsk9@archive.org,Indonesia,,Occupational Therapist,101267,3/12/2020
731,Merwyn,Alston,33,malstonka@admin.ch,France,28114 CEDEX,Research Associate,121912,1/6/2010
732,Modesta,MacGown,60,mmacgownkb@ucoz.com,China,,Marketing Manager,84702,1/7/2011
733,Christos,Flannigan,38,cflannigankc@liveinternet.ru,Cyprus,,Physical Therapy Assistant,144442,4/8/2021
734,Maggee,Nuttall,42,mnuttallkd@myspace.com,Indonesia,,Sales Associate,78345,3/27/2014
735,Norrie,Vinton,25,nvintonke@utexas.edu,Japan,981-2501,Staff Scientist,51587,3/4/2020
736,Jania,Leheude,32,jleheudekf@usnews.com,France,69604 CEDEX,Nuclear Power Engineer,28636,11/1/2014
737,Garnette,Wyd,46,gwydkg@live.com,Brazil,37950-000,Research Assistant I,35123,6/6/2013
738,Elysee,Barford,26,ebarfordkh@omniture.com,France,28114 CEDEX,Accounting Assistant I,127064,10/21/2011
739,Fredric,McGillecole,55,fmcgillecoleki@printfriendly.com,Indonesia,,Office Assistant IV,27963,4/1/2021
740,Corena,Elijah,40,celijahkj@eepurl.com,Afghanistan,,Legal Assistant,82280,4/17/2016
741,Menard,Ibbeson,56,mibbesonkk@irs.gov,Indonesia,,Assistant Media Planner,76456,12/14/2016
742,Ketty,Cousen,63,kcousenkl@sogou.com,Japan,799-0412,Paralegal,107020,5/20/2021
743,Weber,Forster,25,wforsterkm@tinypic.com,China,,GIS Technical Architect,91046,12/17/2013
744,Javier,Newcomen,56,jnewcomenkn@deviantart.com,Thailand,10100,VP Sales,62885,2/23/2011
745,Jacquelynn,Lethcoe,51,jlethcoeko@de.vu,Japan,370-0418,Teacher,116404,6/20/2010
746,Darline,Bolderoe,37,dbolderoekp@dell.com,Mexico,94107,Health Coach III,104055,6/6/2010
747,Colline,Dikes,60,cdikeskq@unc.edu,China,,Account Representative I,145583,9/27/2013
748,Luz,Gianetti,48,lgianettikr@4shared.com,Brazil,62900-000,Quality Control Specialist,111134,4/7/2014
749,Manfred,Bunce,34,mbunceks@nih.gov,Russia,614551,Product Engineer,88927,10/30/2014
750,Ferd,Conlon,35,fconlonkt@studiopress.com,Vietnam,,Web Developer I,117085,11/14/2012
751,Ellette,Worham,19,eworhamku@biblegateway.com,Mongolia,,Assistant Manager,126864,4/28/2015
752,Elbert,Hansford,36,ehansfordkv@php.net,Ireland,Y14,Librarian,77549,11/8/2013
753,Dulsea,Clyde,46,dclydekw@ft.com,China,,Senior Editor,77574,4/14/2010
754,Doti,Balaisot,24,dbalaisotkx@diigo.com,France,93504 CEDEX,Executive Secretary,83668,5/22/2015
755,Benedikta,Shillaber,18,bshillaberky@umich.edu,Philippines,1679,Research Nurse,118235,8/1/2021
756,Simeon,Sach,25,ssachkz@yale.edu,Russia,641334,Staff Scientist,98033,12/30/2021
757,Chrissie,Hallwood,52,challwoodl0@wordpress.com,United States,61105,Systems Administrator II,42471,2/7/2022
758,Leonora,Clear,49,lclearl1@hud.gov,Tanzania,,Pharmacist,143662,12/3/2019
759,Phelia,Greener,43,pgreenerl2@blinklist.com,Portugal,3660-410,Software Consultant,48287,8/12/2015
760,Matilda,Zute,19,mzutel3@tinyurl.com,Libya,,Information Systems Manager,90083,8/14/2011
761,Kris,Pee,19,kpeel4@irs.gov,China,,Internal Auditor,110045,5/3/2022
762,Regan,Ingliby,64,ringlibyl5@hugedomains.com,Japan,360-0201,Product Engineer,83382,7/25/2011
763,Henka,Shakspeare,37,hshakspearel6@youtu.be,China,,Senior Cost Accountant,44467,11/26/2010
764,Rhona,Beaufoy,48,rbeaufoyl7@webs.com,Indonesia,,Electrical Engineer,67620,8/24/2019
765,Annabel,Benoix,50,abenoixl8@ft.com,Iran,,Nurse Practicioner,87767,4/19/2012
766,Bonita,Burgise,34,bburgisel9@whitehouse.gov,Russia,142817,Mechanical Systems Engineer,38257,4/11/2012
767,Emyle,Provis,50,eprovisla@exblog.jp,Pakistan,80401,Professor,84584,10/23/2018
768,Gisele,Bowen,62,gbowenlb@vimeo.com,Brazil,14815-000,Mechanical Systems Engineer,42094,11/14/2019
769,Cthrine,Ricart,48,cricartlc@google.it,China,,Human Resources Assistant III,106032,7/7/2017
770,Sergei,Spaducci,39,sspaduccild@unicef.org,Gambia,,VP Accounting,31790,2/23/2017
771,Faun,Brearty,49,fbreartyle@ebay.com,France,01154 CEDEX,Help Desk Operator,147051,2/9/2016
772,Bordy,Dunleavy,23,bdunleavylf@hp.com,Mexico,54927,Marketing Manager,101836,8/19/2019
773,Greggory,Winkless,64,gwinklesslg@cbc.ca,Chad,,Research Associate,49360,3/25/2016
774,Letta,Catcherside,26,lcatchersidelh@yelp.com,China,,Research Assistant I,59377,9/4/2020
775,Jolynn,Okenfold,36,jokenfoldli@google.fr,Russia,397507,Account Executive,93719,8/14/2022
776,Stephanus,Pirri,54,spirrilj@jimdo.com,Indonesia,,Project Manager,108823,4/10/2022
777,Tildy,Tembridge,31,ttembridgelk@ucoz.com,China,,Research Associate,46979,10/14/2010
778,Darwin,Beswick,37,dbeswickll@blogs.com,Albania,,Senior Cost Accountant,142388,12/28/2022
779,Jessy,Catmull,59,jcatmulllm@biblegateway.com,Indonesia,,Administrative Assistant III,61206,11/22/2014
780,Ulla,Jakes,56,ujakesln@mashable.com,Belarus,,Geologist II,120429,4/5/2022
781,Richy,Brasted,50,rbrastedlo@oracle.com,France,16025 CEDEX,Operator,80883,6/21/2010
782,Hilda,Cant,30,hcantlp@skyrock.com,Sweden,828 25,Budget/Accounting Analyst IV,101964,8/11/2020
783,Jenelle,Soldi,24,jsoldilq@vistaprint.com,Colombia,252837,Business Systems Development Analyst,96831,4/11/2011
784,Sibyl,Vescovo,61,svescovolr@ask.com,Ukraine,,Analog Circuit Design manager,24129,10/22/2016
785,Lucretia,Allred,21,lallredls@slate.com,Brazil,36280-000,Software Engineer II,116620,10/1/2017
786,Lorine,McRannell,30,lmcrannelllt@webmd.com,Brazil,89160-000,Marketing Manager,98781,3/8/2019
787,Donnajean,Creedland,20,dcreedlandlu@europa.eu,Brazil,95760-000,Physical Therapy Assistant,52744,2/16/2022
788,Naomi,Cescoti,29,ncescotilv@amazon.co.jp,Morocco,,General Manager,41609,5/9/2016
789,Olivette,Djurkovic,64,odjurkoviclw@auda.org.au,Russia,403070,Actuary,112619,10/30/2020
790,Udell,Ygou,39,uygoulx@oakley.com,Latvia,,Senior Quality Engineer,51712,12/25/2014
791,Jacquetta,Grimston,56,jgrimstonly@opera.com,Indonesia,,Programmer III,53976,1/10/2019
792,Evy,Hek,64,eheklz@prnewswire.com,Philippines,6210,Compensation Analyst,32061,11/12/2011
793,Michelle,Bestar,52,mbestarm0@biblegateway.com,Peru,,Financial Analyst,68554,8/14/2019
794,Paolo,Dominico,20,pdominicom1@mail.ru,Poland,64-050,Editor,75788,12/27/2014
795,Sampson,Sweatman,60,ssweatmanm2@privacy.gov.au,Nepal,,Assistant Manager,114140,3/4/2013
796,Devlin,Haggarth,55,dhaggarthm3@shutterfly.com,Syria,,Operator,118261,7/27/2015
797,Marnia,Guppy,45,mguppym4@so-net.ne.jp,Belarus,,Administrative Officer,83528,4/26/2014
798,Brade,Valintine,33,bvalintinem5@admin.ch,Ukraine,,Staff Scientist,49001,5/17/2021
799,Robinson,Attock,52,rattockm6@google.nl,Antigua and Barbuda,,Web Developer I,92557,12/10/2014
800,Orin,Budcock,26,obudcockm7@privacy.gov.au,Hungary,1074,Analog Circuit Design manager,138285,11/8/2011
801,Kati,Redier,39,kredierm8@dell.com,Hungary,1024,Health Coach III,87659,9/20/2012
802,Andras,Ruddock,23,aruddockm9@a8.net,China,,Chief Design Engineer,63721,12/20/2013
803,Hercules,Fendlen,39,hfendlenma@list-manage.com,Kenya,,Marketing Manager,84958,7/23/2013
804,Crin,Le Blond,23,cleblondmb@facebook.com,China,,Junior Executive,59409,6/16/2017
805,Illa,Riggott,28,iriggottmc@nba.com,China,,Information Systems Manager,75306,4/29/2018
806,Constantina,Eggleton,59,ceggletonmd@woothemes.com,Philippines,1230,Automation Specialist II,108319,2/11/2020
807,Grata,Blaxall,29,gblaxallme@ocn.ne.jp,Thailand,34260,Computer Systems Analyst II,125729,10/2/2013
808,Padgett,Pfeiffer,41,ppfeiffermf@tiny.cc,Uganda,,Analog Circuit Design manager,53810,12/17/2019
809,Daria,Bagehot,31,dbagehotmg@cnet.com,Bangladesh,5631,Desktop Support Technician,49923,8/5/2015
810,Gram,Longmate,59,glongmatemh@jalbum.net,China,,Administrative Officer,136713,9/23/2010
811,Thomasine,Ellit,58,tellitmi@china.com.cn,Peru,,Staff Scientist,84166,9/2/2014
812,Keeley,Adamski,31,kadamskimj@paginegialle.it,Bosnia and Herzegovina,,Information Systems Manager,66166,12/2/2011
813,Alex,Coutts,60,acouttsmk@bandcamp.com,Liberia,,VP Product Management,132379,9/30/2013
814,Lolly,Dearden,34,ldeardenml@tamu.edu,Armenia,,Statistician IV,74103,5/25/2014
815,Toni,Ringer,30,tringermm@marriott.com,Philippines,2016,Quality Control Specialist,67123,8/9/2018
816,Vergil,Pudsall,51,vpudsallmn@bigcartel.com,Netherlands,6904,Payment Adjustment Coordinator,97049,9/13/2015
817,Hazel,Jorge,25,hjorgemo@infoseek.co.jp,Canada,G9X,Office Assistant II,71460,8/5/2014
818,Adelle,Relf,41,arelfmp@chicagotribune.com,United Kingdom,EC3M,Human Resources Manager,108026,5/10/2017
819,Cosetta,Pundy,47,cpundymq@techcrunch.com,Iran,,Paralegal,141747,2/11/2021
820,Marve,Goatcher,54,mgoatchermr@vk.com,Venezuela,,Senior Developer,83124,12/7/2020
821,Del,Simoneschi,24,dsimoneschims@fastcompany.com,Czech Republic,440 01,Graphic Designer,75751,11/11/2018
822,Paolina,Gaenor,23,pgaenormt@google.co.uk,Philippines,4430,Structural Analysis Engineer,101069,4/21/2019
823,Ashlee,Thowless,43,athowlessmu@paypal.com,France,34194 CEDEX 5,Paralegal,66633,3/11/2015
824,Tilda,Adamec,62,tadamecmv@bluehost.com,Lesotho,,Programmer I,27709,8/16/2016
825,Daffy,Strodder,65,dstroddermw@imageshack.us,United States,85715,Assistant Manager,23863,4/3/2019
826,Alfy,Coggon,23,acoggonmx@ezinearticles.com,Philippines,5509,Business Systems Development Analyst,45490,12/20/2015
827,Shanna,Daile,62,sdailemy@delicious.com,China,,Safety Technician II,71704,8/26/2021
828,Christophe,Meadus,41,cmeadusmz@elegantthemes.com,Colombia,133567,Project Manager,142416,2/21/2012
829,Ealasaid,Scholl,42,escholln0@gizmodo.com,China,,Senior Sales Associate,112712,3/13/2021
830,Ann,Fransson,43,afranssonn1@examiner.com,China,,Structural Analysis Engineer,68306,3/25/2011
831,Franky,Nortcliffe,24,fnortcliffen2@washington.edu,Portugal,2260-114,VP Accounting,79449,10/28/2011
832,Siusan,Ahmed,37,sahmedn3@tumblr.com,Philippines,8701,Budget/Accounting Analyst II,73975,11/22/2015
833,Patti,Summerscales,21,psummerscalesn4@live.com,Yemen,,Structural Analysis Engineer,143001,7/22/2017
834,Ferdinanda,McAusland,24,fmcauslandn5@google.cn,Poland,63-460,Occupational Therapist,96199,4/19/2010
835,Caitlin,Binley,44,cbinleyn6@scientificamerican.com,China,,Geological Engineer,137447,4/27/2020
836,Kennan,McGready,41,kmcgreadyn7@yellowpages.com,Sweden,171 78,Senior Sales Associate,77081,6/8/2020
837,Janaya,Drew,21,jdrewn8@columbia.edu,Poland,07-306,Director of Sales,99406,5/30/2013
838,Gladys,Rubel,45,grubeln9@icio.us,Poland,63-820,Data Coordinator,62343,10/10/2020
839,Ossie,Ramirez,37,oramirezna@a8.net,Nicaragua,,Biostatistician II,138697,2/14/2021
840,Nathanael,Pimlott,27,npimlottnb@vistaprint.com,Latvia,,Automation Specialist II,85546,2/18/2012
841,Ariella,Snap,50,asnapnc@jiathis.com,Indonesia,,Financial Analyst,142978,11/12/2016
842,Chan,Spire,58,cspirend@economist.com,France,59407 CEDEX,Executive Secretary,95497,3/25/2022
843,Brandice,MacDwyer,51,bmacdwyerne@a8.net,Indonesia,,Clinical Specialist,49022,10/17/2012
844,Tobit,Sneesbie,53,tsneesbienf@microsoft.com,Cuba,,Director of Sales,87218,7/28/2016
845,Boyce,Stebbings,29,bstebbingsng@timesonline.co.uk,Indonesia,,Occupational Therapist,51325,8/13/2013
846,Lethia,Meron,36,lmeronnh@mail.ru,Russia,162535,Executive Secretary,89980,8/26/2019
847,Bridie,Sandeland,36,bsandelandni@irs.gov,Brazil,44640-000,Civil Engineer,34292,9/18/2011
848,Leelah,Presnail,44,lpresnailnj@ucsd.edu,United States,51105,Cost Accountant,101381,8/8/2022
849,Amberly,Husbands,33,ahusbandsnk@fda.gov,Cameroon,,Associate Professor,142149,5/9/2021
850,Tobye,Werrett,47,twerrettnl@noaa.gov,Colombia,195047,Clinical Specialist,107906,10/30/2013
851,Bridie,Prier,37,bpriernm@theguardian.com,Philippines,4430,Actuary,129682,2/27/2013
852,Marietta,Readwood,43,mreadwoodnn@123-reg.co.uk,Indonesia,,General Manager,100612,12/15/2020
853,Sybila,Farge,61,sfargeno@devhub.com,Somalia,,Senior Cost Accountant,94125,3/1/2012
854,Davidde,Cellone,34,dcellonenp@issuu.com,Japan,463-0015,Quality Engineer,44980,9/30/2011
855,Emmott,Spenclay,28,espenclaynq@reverbnation.com,Thailand,40160,Chemical Engineer,85953,5/26/2017
856,Alis,Sprulls,32,asprullsnr@ucoz.com,Philippines,4313,Analog Circuit Design manager,93459,1/5/2015
857,Suzette,Cheshire,60,scheshirens@hatena.ne.jp,Uzbekistan,,Senior Quality Engineer,27594,1/25/2012
858,Kennan,Spellworth,29,kspellworthnt@epa.gov,China,,Senior Developer,144698,7/26/2010
859,Darcie,Follos,48,dfollosnu@ftc.gov,France,94384 CEDEX,Quality Control Specialist,136975,4/1/2020
860,Bettina,Knowles,41,bknowlesnv@google.co.jp,France,26204 CEDEX,Business Systems Development Analyst,136925,11/1/2020
861,Conan,Dorricott,25,cdorricottnw@illinois.edu,Philippines,7116,Structural Analysis Engineer,88267,9/10/2016
862,Merle,Kunze,49,mkunzenx@github.com,China,,Financial Advisor,93451,5/12/2018
863,Morgun,Daftor,52,mdaftorny@soundcloud.com,China,,Safety Technician III,71030,1/18/2021
864,Cullan,Morris,22,cmorrisnz@usatoday.com,China,,Geological Engineer,120370,1/5/2013
865,Ailina,McCrainor,43,amccrainoro0@boston.com,Czech Republic,739 95,Business Systems Development Analyst,42385,2/16/2022
866,Demetris,Thomkins,44,dthomkinso1@booking.com,Kazakhstan,,Environmental Tech,139974,2/10/2019
867,Leeanne,Senescall,27,lsenescallo2@msu.edu,Philippines,2826,Sales Associate,73664,5/15/2013
868,Olvan,Rollo,20,orolloo3@constantcontact.com,China,,Structural Analysis Engineer,72236,6/23/2018
869,Elfrida,Hesey,34,eheseyo4@free.fr,Peru,,Cost Accountant,24650,4/19/2010
870,Maddie,Sygroves,46,msygroveso5@aboutads.info,Indonesia,,Analog Circuit Design manager,101670,3/10/2011
871,Robenia,Bool,33,rboolo6@vinaora.com,Poland,42-310,Human Resources Assistant I,142953,10/17/2018
872,Rosanna,Lambole,56,rlamboleo7@businessweek.com,Philippines,4900,Software Test Engineer I,36495,10/20/2013
873,Rachelle,Barratt,49,rbarratto8@youtube.com,Russia,155450,Compensation Analyst,77959,12/6/2015
874,Theodosia,Kampshell,23,tkampshello9@illinois.edu,China,,Desktop Support Technician,31828,9/7/2012
875,Cynthea,Everingham,26,ceveringhamoa@narod.ru,Indonesia,,Budget/Accounting Analyst I,82371,7/7/2012
876,Leora,Paolini,35,lpaoliniob@odnoklassniki.ru,Thailand,80110,Registered Nurse,95081,9/28/2015
877,Beale,Aldersley,51,baldersleyoc@nhs.uk,Zimbabwe,,Graphic Designer,57575,5/24/2015
878,Cyril,Edwinson,48,cedwinsonod@dedecms.com,China,,Quality Control Specialist,27160,5/9/2020
879,Ulrich,Broschek,42,ubroschekoe@feedburner.com,China,,General Manager,118994,12/27/2022
880,Chase,Aylott,24,caylottof@ebay.co.uk,Japan,620-1445,Systems Administrator I,113104,6/24/2017
881,Darcie,Ambridge,64,dambridgeog@unicef.org,China,,Cost Accountant,138840,4/4/2011
882,Onfroi,Naylor,34,onayloroh@booking.com,Kenya,,Marketing Manager,97918,8/20/2011
883,Percy,McCurlye,45,pmccurlyeoi@irs.gov,Nigeria,,Recruiting Manager,125854,8/14/2019
884,Rosemaria,Montford,37,rmontfordoj@aol.com,Venezuela,,Occupational Therapist,32334,8/23/2016
885,Georgie,Curzey,63,gcurzeyok@timesonline.co.uk,Indonesia,,Safety Technician I,96892,3/22/2022
886,Jude,Bruhke,20,jbruhkeol@china.com.cn,Palestinian Territory,,Senior Financial Analyst,114008,6/16/2014
887,Gunner,Yule,43,gyuleom@typepad.com,China,,Staff Accountant IV,53458,9/17/2017
888,Darill,Scutts,64,dscuttson@theatlantic.com,Indonesia,,Research Associate,44417,2/10/2021
889,Ahmed,Whittaker,54,awhittakeroo@gnu.org,Brazil,26100-000,Environmental Specialist,20296,1/16/2013
890,Costa,Adamczyk,57,cadamczykop@ifeng.com,Poland,21-060,Database Administrator I,77182,1/27/2012
891,Gabriell,Ashford,45,gashfordoq@nih.gov,Czech Republic,687 38,Geological Engineer,45256,9/25/2022
892,Avis,Alvaro,52,aalvaroor@slashdot.org,Indonesia,,Quality Engineer,38597,3/27/2010
893,Vonny,Pettet,60,vpettetos@accuweather.com,China,,Engineer III,109964,12/31/2018
894,Grantley,Aronstam,27,garonstamot@prnewswire.com,Gabon,,Social Worker,109967,7/30/2013
895,Bartolomeo,Siddeley,55,bsiddeleyou@businessinsider.com,Ethiopia,,Assistant Manager,81652,5/18/2010
896,Pavia,Lingley,30,plingleyov@over-blog.com,Brazil,29330-000,Automation Specialist IV,118940,1/31/2022
897,Mabel,O'Deoran,46,modeoranow@google.ca,Sweden,818 92,Computer Systems Analyst II,148380,8/3/2016
898,Claribel,McCadden,65,cmccaddenox@mail.ru,China,,General Manager,106132,3/3/2013
899,Valina,Backshill,38,vbackshilloy@cpanel.net,South Africa,0815,Physical Therapy Assistant,122734,11/19/2013
900,Kamilah,Diego,29,kdiegooz@shinystat.com,Greece,,Payment Adjustment Coordinator,123965,3/9/2016
901,Carrissa,Farreil,29,cfarreilp0@slashdot.org,Thailand,52000,Director of Sales,123324,5/20/2014
902,Ray,Phayre,65,rphayrep1@ebay.co.uk,Kenya,,Chief Design Engineer,46514,9/17/2019
903,Kennett,Groucutt,27,kgroucuttp2@indiatimes.com,Finland,88901,Payment Adjustment Coordinator,122202,10/26/2011
904,Lelah,Stollen,62,lstollenp3@jiathis.com,Philippines,1104,Business Systems Development Analyst,148320,10/22/2013
905,Barbe,Christon,43,bchristonp4@nasa.gov,Poland,96-304,Quality Control Specialist,48702,7/29/2015
906,Dennet,Dachey,55,ddacheyp5@gravatar.com,Thailand,62180,Civil Engineer,130355,2/9/2018
907,Theressa,Pinare,30,tpinarep6@sfgate.com,France,79099 CEDEX 9,General Manager,147693,3/30/2010
908,Charleen,Hargess,40,chargessp7@amazon.co.uk,China,,Marketing Assistant,98498,3/8/2015
909,Errol,Matieu,37,ematieup8@over-blog.com,Ukraine,,Pharmacist,87551,5/23/2018
910,Zachary,Beardsall,36,zbeardsallp9@hc360.com,Finland,01760,Senior Editor,24803,1/7/2019
911,Way,Dowle,57,wdowlepa@imgur.com,Nigeria,,Physical Therapy Assistant,39905,8/18/2019
912,Leon,Threadkell,54,lthreadkellpb@wikia.com,Brazil,13500-000,Software Engineer II,20395,4/25/2017
913,Jennee,Vergine,55,jverginepc@yelp.com,Finland,17320,Structural Engineer,92658,11/9/2014
914,Tallie,Matusovsky,29,tmatusovskypd@marriott.com,Brazil,87300-000,Legal Assistant,89326,1/26/2011
915,Grant,Shapero,64,gshaperope@prnewswire.com,Russia,140074,Occupational Therapist,105818,10/31/2013
916,Dunn,Salan,26,dsalanpf@usgs.gov,Colombia,183027,Analog Circuit Design manager,139405,3/23/2021
917,Francine,Greenway,57,fgreenwaypg@google.cn,Indonesia,,Automation Specialist IV,31219,6/7/2015
918,Freda,Sturgis,25,fsturgisph@blinklist.com,Greece,,Physical Therapy Assistant,39011,1/24/2022
919,Othelia,Fossitt,55,ofossittpi@behance.net,Moldova,MD-6114,Desktop Support Technician,63894,6/4/2021
920,Dorothy,Dymott,26,ddymottpj@discovery.com,Comoros,,Pharmacist,138101,12/5/2013
921,Maryjane,Roscher,51,mroscherpk@theglobeandmail.com,Ireland,Y34,Account Executive,70289,4/26/2016
922,Corrianne,Vasenkov,65,cvasenkovpl@seesaa.net,China,,Database Administrator II,104460,3/27/2014
923,Charil,Faivre,64,cfaivrepm@hugedomains.com,Indonesia,,Administrative Assistant II,63407,7/21/2014
924,Rosana,Friedenbach,54,rfriedenbachpn@so-net.ne.jp,China,,Technical Writer,125128,9/23/2012
925,Maximilianus,Goulbourne,56,mgoulbournepo@prnewswire.com,Mongolia,,Tax Accountant,27927,10/23/2016
926,Marrilee,Snow,40,msnowpp@quantcast.com,Sweden,600 06,Assistant Manager,117145,6/14/2010
927,Griswold,Bearfoot,56,gbearfootpq@java.com,Russia,356041,Statistician III,125759,9/13/2013
928,Loni,Gierardi,48,lgierardipr@abc.net.au,Indonesia,,Assistant Media Planner,123293,7/30/2011
929,Joellyn,Curtin,42,jcurtinps@mapy.cz,China,,Compensation Analyst,64884,4/14/2010
930,Lina,Hearle,18,lhearlept@symantec.com,Albania,,Environmental Tech,117620,2/3/2021
931,Bel,Mummery,48,bmummerypu@pagesperso-orange.fr,Indonesia,,Desktop Support Technician,33586,7/30/2014
932,Clyve,Clues,63,ccluespv@noaa.gov,Indonesia,,Environmental Tech,62785,5/12/2019
933,Virgie,Santora,50,vsantorapw@elpais.com,China,,Staff Accountant IV,26881,8/6/2010
934,Bertine,Rossant,30,brossantpx@networksolutions.com,Philippines,4900,Senior Developer,49938,6/13/2021
935,Isac,Franks,19,ifrankspy@youtube.com,Indonesia,,Data Coordinator,140186,10/14/2020
936,Ginger,McAughtry,45,gmcaughtrypz@github.io,Portugal,7200-202,Research Nurse,44161,1/1/2020
937,Alasdair,Mulcock,57,amulcockq0@census.gov,Ukraine,,Developer II,44760,1/30/2019
938,Marline,Bainbrigge,22,mbainbriggeq1@sciencedirect.com,Poland,19-411,Chemical Engineer,122353,4/20/2010
939,Bernita,Cosgry,44,bcosgryq2@spotify.com,Japan,286-0002,Senior Editor,39210,7/20/2012
940,Klara,Padgham,34,kpadghamq3@networksolutions.com,Norway,1384,Sales Representative,92770,2/20/2018
941,Delora,Barbery,63,dbarberyq4@amazon.com,Brazil,09300-000,Research Nurse,97397,11/24/2014
942,Field,Ferrier,48,fferrierq5@ycombinator.com,Kazakhstan,,Sales Associate,117098,1/7/2021
943,Amelina,Caslett,59,acaslettq6@reddit.com,Indonesia,,Internal Auditor,100626,1/10/2018
944,Kyrstin,Ringrose,32,kringroseq7@sourceforge.net,China,,Internal Auditor,79219,7/25/2010
945,Cam,Flag,39,cflagq8@hhs.gov,Colombia,055428,Community Outreach Specialist,61515,2/6/2015
946,Claudelle,Annatt,59,cannattq9@so-net.ne.jp,Ukraine,,Staff Scientist,138522,6/19/2010
947,Clemmy,Sante,51,csanteqa@forbes.com,Czech Republic,737 01,Structural Engineer,97900,8/21/2016
948,Veronica,Polden,49,vpoldenqb@jalbum.net,China,,Structural Analysis Engineer,42042,1/27/2011
949,Emyle,Grece,53,egreceqc@pinterest.com,China,,Analyst Programmer,76208,5/7/2020
950,Blair,Chown,30,bchownqd@cdbaby.com,China,,Nuclear Power Engineer,126128,7/30/2019
951,Morey,Antyshev,64,mantyshevqe@kickstarter.com,Panama,,Biostatistician IV,138856,5/23/2012
952,Sybila,Canland,60,scanlandqf@ifeng.com,China,,Software Consultant,87015,1/2/2016
953,Brent,Cicutto,37,bcicuttoqg@stanford.edu,Indonesia,,Research Assistant IV,99760,11/2/2019
954,Ariella,Raise,38,araiseqh@parallels.com,China,,Director of Sales,116949,12/29/2018
955,Waneta,Dyzart,50,wdyzartqi@fastcompany.com,Czech Republic,542 01,Database Administrator IV,112718,11/4/2011
956,Ted,Franklin,55,tfranklinqj@behance.net,Philippines,2421,Staff Scientist,36924,11/14/2012
957,Kay,Habbal,64,khabbalqk@wikia.com,Indonesia,,Mechanical Systems Engineer,148643,11/29/2017
958,Keslie,Marshall,34,kmarshallql@prnewswire.com,Indonesia,,Dental Hygienist,48275,2/22/2018
959,Hedi,Prebble,29,hprebbleqm@bluehost.com,China,,Desktop Support Technician,45064,11/29/2018
960,Fergus,Sizzey,39,fsizzeyqn@irs.gov,China,,Librarian,119515,7/26/2022
961,Ginny,Dudson,24,gdudsonqo@irs.gov,France,75075 CEDEX 02,Mechanical Systems Engineer,101740,9/15/2010
962,Conney,Lorenzetti,19,clorenzettiqp@simplemachines.org,Lithuania,93017,Mechanical Systems Engineer,45598,9/13/2017
963,Olive,Greendale,57,ogreendaleqq@sciencedirect.com,Indonesia,,Social Worker,84426,12/14/2021
964,Moses,Pallin,60,mpallinqr@uol.com.br,Norway,0679,Registered Nurse,63316,12/17/2019
965,Zackariah,Helliar,41,zhelliarqs@answers.com,Brazil,64222-000,Statistician IV,79076,12/12/2017
966,Trula,Buesden,48,tbuesdenqt@ox.ac.uk,Philippines,8006,Research Nurse,30345,8/23/2018
967,Corney,Bridgland,30,cbridglandqu@w3.org,Azerbaijan,,Director of Sales,45781,8/11/2017
968,Fred,Durand,32,fdurandqv@microsoft.com,Philippines,6513,Food Chemist,101810,11/29/2018
969,Carl,Bramelt,52,cbrameltqw@washington.edu,China,,Office Assistant II,23003,5/8/2019
970,Herb,McOnie,21,hmconieqx@aol.com,Russia,249192,Quality Engineer,133013,9/22/2020
971,Tomlin,Roony,51,troonyqy@cnet.com,Philippines,2808,VP Marketing,146784,9/27/2014
972,Horten,Zorn,61,hzornqz@ask.com,Vietnam,,Mechanical Systems Engineer,66381,2/22/2011
973,Haley,Blakeney,49,hblakeneyr0@fotki.com,China,,Structural Engineer,20762,7/15/2013
974,Oran,Melley,63,omelleyr1@wix.com,Kazakhstan,,Account Coordinator,79419,5/19/2014
975,Brynne,Seleway,18,bselewayr2@upenn.edu,Indonesia,,Quality Engineer,39685,10/8/2013
976,Anabal,Ivchenko,18,aivchenkor3@seesaa.net,Portugal,3720-085,Statistician II,86241,10/19/2018
977,My,Privost,28,mprivostr4@sourceforge.net,Poland,34-432,Quality Engineer,47169,3/2/2019
978,Alleyn,Paddick,41,apaddickr5@princeton.edu,United States,33661,Statistician I,28174,1/6/2011
979,Emmet,Liger,42,eligerr6@ehow.com,Egypt,,Geological Engineer,53780,12/28/2022
980,Pebrook,Snedker,56,psnedkerr7@posterous.com,Brazil,86975-000,VP Accounting,55798,4/4/2011
981,Modestine,Matthieson,46,mmatthiesonr8@symantec.com,China,,Nurse Practicioner,128689,9/11/2022
982,Robby,Dallaghan,25,rdallaghanr9@elegantthemes.com,Russia,624486,VP Quality Control,118783,6/14/2015
983,Jeniece,Denington,22,jdeningtonra@pen.io,Albania,,Senior Cost Accountant,62143,9/15/2011
984,Konrad,Dallaway,31,kdallawayrb@redcross.org,Indonesia,,Assistant Manager,119369,10/22/2018
985,Corny,Ozanne,41,cozannerc@arizona.edu,Belarus,,Occupational Therapist,45246,6/20/2019
986,Noby,McEwen,23,nmcewenrd@bizjournals.com,Poland,02-158,Product Engineer,40574,10/23/2011
987,Bendix,Stanyland,59,bstanylandre@google.com.br,New Zealand,9845,VP Sales,52678,12/1/2022
988,Hayley,Josiah,42,hjosiahrf@yelp.com,Czech Republic,561 56,Clinical Specialist,26472,10/26/2018
989,Lina,Thomton,32,lthomtonrg@themeforest.net,Indonesia,,Systems Administrator IV,125556,10/31/2022
990,Nat,Kinkade,40,nkinkaderh@nba.com,Japan,966-0847,Research Assistant IV,127409,12/11/2017
991,Susann,Gillyett,18,sgillyettri@cocolog-nifty.com,Portugal,2200-706,Recruiting Manager,87227,11/24/2014
992,Paulie,Olech,40,polechrj@stumbleupon.com,Peru,,Junior Executive,97862,8/11/2020
993,Haleigh,Eyeington,34,heyeingtonrk@live.com,Philippines,3332,Database Administrator IV,134258,1/10/2016
994,Ephrem,Brayfield,63,ebrayfieldrl@bizjournals.com,Samoa,,Paralegal,83083,9/1/2022
995,Granny,Phipps,20,gphippsrm@godaddy.com,China,,Geological Engineer,79845,12/21/2022
996,Ardisj,Furminger,34,afurmingerrn@pagesperso-orange.fr,United States,28815,Administrative Assistant I,136192,1/13/2015
997,Lyndsay,McVicar,30,lmcvicarro@behance.net,Poland,01-517,Food Chemist,81586,8/9/2018
998,Casar,Ghiron,49,cghironrp@nasa.gov,Canada,S6W,Biostatistician IV,37731,12/10/2020
999,Aloisia,Jerome,44,ajeromerq@reverbnation.com,Indonesia,,Junior Executive,81738,7/31/2019
1000,Kalli,Bramsen,26,kbramsenrr@ihg.com,Peru,,Product Engineer,28024,5/31/2011
